<?xml version = '1.0' encoding = 'UTF-8'?>
<Relation class="oracle.dbtools.crest.model.design.logical.Relation" name="product_product" directorySegmentName="seg_0" id="0D3789FF-5EB4-2303-DED1-DE966A74990A">
<createdBy>salferdez</createdBy>
<createdTime>2024-12-17 11:42:38 UTC</createdTime>
<ownerDesignName>Project</ownerDesignName>
<importedID>E8F0F69F-DE96-01E7-CFE2-454186CC9973</importedID>
<engineerTo>
<item key="626FDD21-BC69-6B0C-3886-5F3249B554C9" value="true"/>
</engineerTo>
<identifying>false</identifying>
<nameOnSource>similar</nameOnSource>
<nameOnTarget>similar</nameOnTarget>
<optionalSource>true</optionalSource>
<optionalTarget>false</optionalTarget>
<sourceCardinality>*</sourceCardinality>
<sourceEntity>9E515553-019C-E3BE-FC9E-23E5EBF9E28A</sourceEntity>
<targetCardinalityString>*</targetCardinalityString>
<targetEntity>9E515553-019C-E3BE-FC9E-23E5EBF9E28A</targetEntity>
<transferable>true</transferable>
<deleteRule>NO ACTION</deleteRule>
</Relation>