<?xml version = '1.0' encoding = 'UTF-8'?>
<Relation class="oracle.dbtools.crest.model.design.logical.Relation" name="account_paymentPlan" directorySegmentName="seg_0" id="1E556178-2775-6FA6-92A8-921843B5A144">
<createdBy>salferdez</createdBy>
<createdTime>2024-12-17 11:42:38 UTC</createdTime>
<ownerDesignName>Project</ownerDesignName>
<importedID>5A155960-7F4B-59A9-4EC2-2C9CDE712145</importedID>
<engineerTo>
<item key="626FDD21-BC69-6B0C-3886-5F3249B554C9" value="true"/>
</engineerTo>
<sourcePk>4C5F43A7-82E9-E6A9-379F-3112F7BB77DA</sourcePk>
<targetPk>12552A53-1EF1-745A-E761-1B39FB688F79</targetPk>
<identifying>false</identifying>
<nameOnSource>pays with</nameOnSource>
<nameOnTarget>used by</nameOnTarget>
<optionalSource>false</optionalSource>
<optionalTarget>false</optionalTarget>
<sourceCardinality>1</sourceCardinality>
<sourceEntity>334EEDAF-8B62-4124-1251-5D4F0DB6EE34</sourceEntity>
<targetCardinalityString>1</targetCardinalityString>
<targetEntity>E551C4D8-68B5-D0F0-629A-1BF668D528D7</targetEntity>
<transferable>true</transferable>
<deleteRule>NO ACTION</deleteRule>
</Relation>