<?xml version = '1.0' encoding = 'UTF-8'?>
<Relation class="oracle.dbtools.crest.model.design.logical.Relation" name="attribute_account" directorySegmentName="seg_0" id="208E2CAA-54EF-6C44-9EF8-8A659BB9D974">
<createdBy>salferdez</createdBy>
<createdTime>2024-12-17 11:42:38 UTC</createdTime>
<ownerDesignName>Project</ownerDesignName>
<importedID>220345BF-0C23-D8A4-918A-1D940B09402B</importedID>
<engineerTo>
<item key="626FDD21-BC69-6B0C-3886-5F3249B554C9" value="true"/>
</engineerTo>
<sourcePk>1DDC5EE9-B7AE-C6E2-DC25-3AF8A0157E2F</sourcePk>
<targetPk>4C5F43A7-82E9-E6A9-379F-3112F7BB77DA</targetPk>
<identifying>false</identifying>
<nameOnSource>belongs to</nameOnSource>
<nameOnTarget>has attributes</nameOnTarget>
<optionalSource>false</optionalSource>
<optionalTarget>false</optionalTarget>
<sourceCardinality>1</sourceCardinality>
<sourceEntity>A4CB186F-BAE6-CEC4-E9C4-E8AE88DC26DF</sourceEntity>
<targetCardinalityString>1</targetCardinalityString>
<targetEntity>334EEDAF-8B62-4124-1251-5D4F0DB6EE34</targetEntity>
<transferable>true</transferable>
<deleteRule>NO ACTION</deleteRule>
</Relation>