<?xml version = '1.0' encoding = 'UTF-8'?>
<Relation class="oracle.dbtools.crest.model.design.logical.Relation" name="account_owner" directorySegmentName="seg_0" id="6624CBFE-DDFA-F343-A9B8-BCF90DC3C945">
<createdBy>salferdez</createdBy>
<createdTime>2024-12-17 11:42:38 UTC</createdTime>
<ownerDesignName>Project</ownerDesignName>
<importedID>9D2F96A4-00A5-115A-D4AD-18E62BF9933C</importedID>
<engineerTo>
<item key="626FDD21-BC69-6B0C-3886-5F3249B554C9" value="true"/>
</engineerTo>
<sourcePk>25D219B9-F267-C1C9-3134-621DBC167FF5</sourcePk>
<targetPk>4C5F43A7-82E9-E6A9-379F-3112F7BB77DA</targetPk>
<identifying>false</identifying>
<nameOnSource>owns</nameOnSource>
<nameOnTarget>belongs to</nameOnTarget>
<optionalSource>false</optionalSource>
<optionalTarget>false</optionalTarget>
<sourceCardinality>1</sourceCardinality>
<sourceEntity>E0981E9E-05C2-AFD4-A445-66C59279332F</sourceEntity>
<targetCardinalityString>1</targetCardinalityString>
<targetEntity>334EEDAF-8B62-4124-1251-5D4F0DB6EE34</targetEntity>
<transferable>true</transferable>
<deleteRule>NO ACTION</deleteRule>
</Relation>