<?xml version = '1.0' encoding = 'UTF-8'?>
<Relation class="oracle.dbtools.crest.model.design.logical.Relation" name="product_asset" directorySegmentName="seg_0" id="6ED79230-685F-E3F6-D93B-EA255A5942D1">
<createdBy>salferdez</createdBy>
<createdTime>2024-12-17 11:42:38 UTC</createdTime>
<ownerDesignName>Project</ownerDesignName>
<importedID>93CD15FF-70AA-FB70-67C7-B377BED8BA48</importedID>
<engineerTo>
<item key="626FDD21-BC69-6B0C-3886-5F3249B554C9" value="true"/>
</engineerTo>
<sourcePk>6449F5A4-1D6C-AF60-AFA0-A2C7AC4D533B</sourcePk>
<identifying>false</identifying>
<nameOnSource>belongs</nameOnSource>
<nameOnTarget>contains</nameOnTarget>
<optionalSource>false</optionalSource>
<optionalTarget>false</optionalTarget>
<sourceCardinality>*</sourceCardinality>
<sourceEntity>9E515553-019C-E3BE-FC9E-23E5EBF9E28A</sourceEntity>
<targetCardinalityString>*</targetCardinalityString>
<targetEntity>F34C7727-DCFB-CC3A-0B12-CB4A6AA732C8</targetEntity>
<transferable>true</transferable>
<deleteRule>NO ACTION</deleteRule>
</Relation>