<?xml version = '1.0' encoding = 'UTF-8'?>
<Relation class="oracle.dbtools.crest.model.design.logical.Relation" name="product_attribute" directorySegmentName="seg_0" id="86E5A7D0-6BEE-2438-458E-D56986DCEC56">
<createdBy>salferdez</createdBy>
<createdTime>2024-12-17 11:42:38 UTC</createdTime>
<ownerDesignName>Project</ownerDesignName>
<importedID>49C29066-CC78-1782-29E9-AB553AE031D5</importedID>
<engineerTo>
<item key="626FDD21-BC69-6B0C-3886-5F3249B554C9" value="true"/>
</engineerTo>
<identifying>false</identifying>
<nameOnSource>belong to product</nameOnSource>
<nameOnTarget>has attributes</nameOnTarget>
<optionalSource>true</optionalSource>
<optionalTarget>false</optionalTarget>
<sourceCardinality>*</sourceCardinality>
<sourceEntity>A4CB186F-BAE6-CEC4-E9C4-E8AE88DC26DF</sourceEntity>
<targetCardinalityString>*</targetCardinalityString>
<targetEntity>9E515553-019C-E3BE-FC9E-23E5EBF9E28A</targetEntity>
<transferable>true</transferable>
<deleteRule>NO ACTION</deleteRule>
</Relation>