<?xml version = '1.0' encoding = 'UTF-8'?>
<Relation class="oracle.dbtools.crest.model.design.logical.Relation" name="account_user" directorySegmentName="seg_0" id="BA433379-8E40-661B-B018-79184AF7C20F">
<createdBy>salferdez</createdBy>
<createdTime>2024-12-17 11:42:38 UTC</createdTime>
<ownerDesignName>Project</ownerDesignName>
<importedID>2ABC18C8-6D63-3263-3A65-420B7DC0DAC8</importedID>
<engineerTo>
<item key="626FDD21-BC69-6B0C-3886-5F3249B554C9" value="true"/>
</engineerTo>
<sourcePk>4C5F43A7-82E9-E6A9-379F-3112F7BB77DA</sourcePk>
<identifying>false</identifying>
<nameOnSource>has access to</nameOnSource>
<nameOnTarget>access</nameOnTarget>
<optionalSource>false</optionalSource>
<optionalTarget>false</optionalTarget>
<sourceCardinality>1</sourceCardinality>
<sourceEntity>334EEDAF-8B62-4124-1251-5D4F0DB6EE34</sourceEntity>
<targetCardinalityString>*</targetCardinalityString>
<targetEntity>3FB2B27F-06C5-DAC7-4AC6-3D47CB87B14C</targetEntity>
<transferable>true</transferable>
<deleteRule>NO ACTION</deleteRule>
</Relation>