<?xml version = '1.0' encoding = 'UTF-8'?>
<Relation class="oracle.dbtools.crest.model.design.logical.Relation" name="product_category" directorySegmentName="seg_0" id="D8E41144-4C62-5EA7-788F-DD21A0986562">
<createdBy>salferdez</createdBy>
<createdTime>2024-12-17 11:42:38 UTC</createdTime>
<ownerDesignName>Project</ownerDesignName>
<importedID>05D9CB1B-F65E-B061-D8CD-3F0DD88D946F</importedID>
<engineerTo>
<item key="626FDD21-BC69-6B0C-3886-5F3249B554C9" value="true"/>
</engineerTo>
<identifying>false</identifying>
<nameOnSource>has</nameOnSource>
<nameOnTarget>belongs</nameOnTarget>
<optionalSource>false</optionalSource>
<optionalTarget>true</optionalTarget>
<sourceCardinality>*</sourceCardinality>
<sourceEntity>9E515553-019C-E3BE-FC9E-23E5EBF9E28A</sourceEntity>
<targetCardinalityString>*</targetCardinalityString>
<targetEntity>549928A9-75DD-D8EB-9932-6D93AA18C76B</targetEntity>
<transferable>true</transferable>
<deleteRule>NO ACTION</deleteRule>
</Relation>