<?xml version = '1.0' encoding = 'UTF-8'?>
<Relation class="oracle.dbtools.crest.model.design.logical.Relation" name="asset_account" directorySegmentName="seg_0" id="ED1D7E17-0179-A2DA-F172-2C7C7EBCC468">
<createdBy>salferdez</createdBy>
<createdTime>2024-12-17 11:42:38 UTC</createdTime>
<ownerDesignName>Project</ownerDesignName>
<importedID>E737B5D7-8568-6CAC-2CF5-741066DCBDA7</importedID>
<engineerTo>
<item key="626FDD21-BC69-6B0C-3886-5F3249B554C9" value="true"/>
</engineerTo>
<identifying>false</identifying>
<nameOnSource>has</nameOnSource>
<nameOnTarget>belongs</nameOnTarget>
<optionalSource>true</optionalSource>
<optionalTarget>false</optionalTarget>
<sourceCardinality>*</sourceCardinality>
<sourceEntity>334EEDAF-8B62-4124-1251-5D4F0DB6EE34</sourceEntity>
<targetCardinalityString>*</targetCardinalityString>
<targetEntity>F34C7727-DCFB-CC3A-0B12-CB4A6AA732C8</targetEntity>
<transferable>true</transferable>
<deleteRule>NO ACTION</deleteRule>
</Relation>