<?xml version = '1.0' encoding = 'UTF-8'?>
<Relation class="oracle.dbtools.crest.model.design.logical.Relation" name="product_account" directorySegmentName="seg_0" id="FA733F0F-5403-58FC-420D-A9D202D27AEA">
<createdBy>salferdez</createdBy>
<createdTime>2024-12-17 11:42:38 UTC</createdTime>
<ownerDesignName>Project</ownerDesignName>
<importedID>A2CF1E7C-93AF-7D4E-2286-2915E0EB3CC4</importedID>
<engineerTo>
<item key="626FDD21-BC69-6B0C-3886-5F3249B554C9" value="true"/>
</engineerTo>
<sourcePk>4C5F43A7-82E9-E6A9-379F-3112F7BB77DA</sourcePk>
<identifying>false</identifying>
<nameOnSource>has</nameOnSource>
<nameOnTarget>belongs</nameOnTarget>
<optionalSource>false</optionalSource>
<optionalTarget>true</optionalTarget>
<sourceCardinality>1</sourceCardinality>
<sourceEntity>334EEDAF-8B62-4124-1251-5D4F0DB6EE34</sourceEntity>
<targetCardinalityString>*</targetCardinalityString>
<targetEntity>9E515553-019C-E3BE-FC9E-23E5EBF9E28A</targetEntity>
<transferable>true</transferable>
<deleteRule>NO ACTION</deleteRule>
</Relation>