<?xml version = '1.0' encoding = 'UTF-8'?>
<FKArc class="oracle.dbtools.crest.model.design.relational.FKArc" directorySegmentName="seg_0" id="9C2C55AD-CA5E-DC70-C64C-75992B31503C" name="FKArc_1">
<createdBy>salferdez</createdBy>
<createdTime>2024-12-17 11:42:38 UTC</createdTime>
<ownerDesignName>Project</ownerDesignName>
<importedID>7154DA83-EA5E-BDB8-0095-7DE8E633A43E</importedID>
<mandatory>false</mandatory>
<reverseArc>true</reverseArc>
<table>C6424AC2-FEFB-E340-F8F0-FDD4364C9578</table>
<fkeys>
<fkeyID>CB19436D-ADDF-304A-B163-C145D704EADF</fkeyID>
<fkeyID>C5FD2766-D292-A9AD-058A-C5A0F68EC549</fkeyID>
</fkeys>
</FKArc>