<?xml version = '1.0' encoding = 'UTF-8'?>
<FKArc class="oracle.dbtools.crest.model.design.relational.FKArc" directorySegmentName="seg_0" id="D23C816D-8142-F4B6-CF5E-5A150421DA57" name="FKArc_2">
<createdBy>salferdez</createdBy>
<createdTime>2024-12-17 12:07:41 UTC</createdTime>
<ownerDesignName>Project</ownerDesignName>
<mandatory>false</mandatory>
<reverseArc>true</reverseArc>
<table>C6424AC2-FEFB-E340-F8F0-FDD4364C9578</table>
<fkeys>
<fkeyID>48EA04E8-A930-2EFA-C431-35A7EEDE5814</fkeyID>
<fkeyID>3C7291AF-C676-69A4-0C7A-78F978362F10</fkeyID>
</fkeys>
</FKArc>