<?xml version = '1.0' encoding = 'UTF-8'?>
<FKIndexAssociation class="oracle.dbtools.crest.model.design.relational.FKIndexAssociation" directorySegmentName="seg_0" id="121C673C-3921-18AA-A650-78CA35A75933" containerWithKeyObject="825DC32D-C24A-CBEB-B6FC-76D867F62876" localFKIndex="27CBEEB9-DDE4-C997-D543-E3897D399C16" name="Account_Attribute_FK">
<createdBy>salferdez</createdBy>
<createdTime>2024-12-17 12:09:42 UTC</createdTime>
<generatorID>208E2CAA-54EF-6C44-9EF8-8A659BB9D974</generatorID>
<ownerDesignName>Project</ownerDesignName>
<referredTableLongName>Attribute</referredTableLongName>
<deleteRule>NO ACTION</deleteRule>
<referredTableID>89F4259C-71BF-0379-084F-42EB33EA0E42</referredTableID>
<keyObject>1A7ABF64-48D2-BD39-39E5-53C94DCF3290</keyObject>
<referredKeyID>1A7ABF64-48D2-BD39-39E5-53C94DCF3290</referredKeyID>
<mandatory>true</mandatory>
<refColNames>Name</refColNames>
<transferable>true</transferable>
<rely>false</rely>
<columnDependencyConstraintGenerateInDDL>true</columnDependencyConstraintGenerateInDDL>
</FKIndexAssociation>