<?xml version = '1.0' encoding = 'UTF-8'?>
<FKIndexAssociation class="oracle.dbtools.crest.model.design.relational.FKIndexAssociation" directorySegmentName="seg_0" id="15816721-2BFA-4D48-E155-A80C585979EC" containerWithKeyObject="825DC32D-C24A-CBEB-B6FC-76D867F62876" localFKIndex="B06037FF-628F-B3EA-54F3-DCA21A6E69ED" name="Account_Owner_FK">
<createdBy>salferdez</createdBy>
<createdTime>2024-12-17 12:09:42 UTC</createdTime>
<generatorID>6624CBFE-DDFA-F343-A9B8-BCF90DC3C945</generatorID>
<ownerDesignName>Project</ownerDesignName>
<referredTableLongName>Owner</referredTableLongName>
<deleteRule>NO ACTION</deleteRule>
<referredTableID>D1BF781A-AD6A-BA77-AEF0-0BCD3CBC2B4E</referredTableID>
<keyObject>EA356F35-09E7-82FD-2425-EB57FCE5A502</keyObject>
<referredKeyID>EA356F35-09E7-82FD-2425-EB57FCE5A502</referredKeyID>
<mandatory>true</mandatory>
<refColNames>Email</refColNames>
<transferable>true</transferable>
<rely>false</rely>
<columnDependencyConstraintGenerateInDDL>true</columnDependencyConstraintGenerateInDDL>
</FKIndexAssociation>