<?xml version = '1.0' encoding = 'UTF-8'?>
<FKIndexAssociation class="oracle.dbtools.crest.model.design.relational.FKIndexAssociation" directorySegmentName="seg_0" id="17874D70-60F4-38C6-249C-539DBA4D66B7" containerWithKeyObject="C6424AC2-FEFB-E340-F8F0-FDD4364C9578" localFKIndex="E0CFDA0D-0919-A65D-3EF8-1C6C85A1D3EC" name="User_Account_FK">
<createdBy>salferdez</createdBy>
<createdTime>2024-12-17 11:42:38 UTC</createdTime>
<generatorID>BA433379-8E40-661B-B018-79184AF7C20F</generatorID>
<ownerDesignName>Project</ownerDesignName>
<importedID>3DE89371-315F-453D-FAFA-830DFDBA07DC</importedID>
<referredTableLongName>Account</referredTableLongName>
<deleteRule>NO ACTION</deleteRule>
<referredTableID>825DC32D-C24A-CBEB-B6FC-76D867F62876</referredTableID>
<keyObject>6B1F7D73-D318-4B79-BA6D-A010BA6DA77E</keyObject>
<referredKeyID>6B1F7D73-D318-4B79-BA6D-A010BA6DA77E</referredKeyID>
<mandatory>true</mandatory>
<refColNames>Name_account,Payment_Plan_Type</refColNames>
<transferable>true</transferable>
<rely>false</rely>
<columnDependencyConstraintGenerateInDDL>true</columnDependencyConstraintGenerateInDDL>
</FKIndexAssociation>