<?xml version = '1.0' encoding = 'UTF-8'?>
<FKIndexAssociation class="oracle.dbtools.crest.model.design.relational.FKIndexAssociation" directorySegmentName="seg_0" id="1E5EEA22-CE0F-E6A5-9470-89C83A2E2CB7" containerWithKeyObject="098282AF-2C1A-A479-C8AB-D9E9CDF2C1F1" localFKIndex="B99BB0A8-E60E-19B9-3D19-1EEDC31B0A9A" name="product_attribute_Attribute_FK">
<createdBy>salferdez</createdBy>
<createdTime>2024-12-17 11:42:38 UTC</createdTime>
<generatorID>86E5A7D0-6BEE-2438-458E-D56986DCEC56</generatorID>
<ownerDesignName>Project</ownerDesignName>
<importedID>D5997069-B57B-FF55-ED09-061D1EDC9BF5</importedID>
<referredTableLongName>Attribute</referredTableLongName>
<deleteRule>NO ACTION</deleteRule>
<referredTableID>89F4259C-71BF-0379-084F-42EB33EA0E42</referredTableID>
<keyObject>1A7ABF64-48D2-BD39-39E5-53C94DCF3290</keyObject>
<referredKeyID>1A7ABF64-48D2-BD39-39E5-53C94DCF3290</referredKeyID>
<mandatory>true</mandatory>
<refColNames>Name</refColNames>
<transferable>true</transferable>
<rely>false</rely>
<columnDependencyConstraintGenerateInDDL>true</columnDependencyConstraintGenerateInDDL>
</FKIndexAssociation>