<?xml version = '1.0' encoding = 'UTF-8'?>
<FKIndexAssociation class="oracle.dbtools.crest.model.design.relational.FKIndexAssociation" directorySegmentName="seg_0" id="2E24585F-7844-CA65-C1E9-2395FFCF48BC" containerWithKeyObject="B5224470-17E7-1DDB-CC77-9246F84FD636" localFKIndex="43C6E5F1-4ED2-524D-BC3B-AEDBAB5B0497" name="asset_account_Account_FK">
<createdBy>salferdez</createdBy>
<createdTime>2024-12-17 11:42:38 UTC</createdTime>
<generatorID>ED1D7E17-0179-A2DA-F172-2C7C7EBCC468</generatorID>
<ownerDesignName>Project</ownerDesignName>
<importedID>71C093FD-4471-652D-87DA-6FA0121B5266</importedID>
<referredTableLongName>Account</referredTableLongName>
<deleteRule>NO ACTION</deleteRule>
<referredTableID>825DC32D-C24A-CBEB-B6FC-76D867F62876</referredTableID>
<keyObject>6B1F7D73-D318-4B79-BA6D-A010BA6DA77E</keyObject>
<referredKeyID>6B1F7D73-D318-4B79-BA6D-A010BA6DA77E</referredKeyID>
<mandatory>true</mandatory>
<refColNames>Name_account,Payment_Plan_Type</refColNames>
<transferable>true</transferable>
<rely>false</rely>
<columnDependencyConstraintGenerateInDDL>true</columnDependencyConstraintGenerateInDDL>
</FKIndexAssociation>