<?xml version = '1.0' encoding = 'UTF-8'?>
<FKIndexAssociation class="oracle.dbtools.crest.model.design.relational.FKIndexAssociation" directorySegmentName="seg_0" id="3C7291AF-C676-69A4-0C7A-78F978362F10" containerWithKeyObject="D1BF781A-AD6A-BA77-AEF0-0BCD3CBC2B4E" localFKIndex="630CC076-5562-99B5-2CDC-03857C3C6DA0" name="Owner_User_FKv2">
<createdBy>salferdez</createdBy>
<createdTime>2024-12-17 12:07:41 UTC</createdTime>
<generatorID>F4C4DFCB-12C8-F478-3355-FF36881A90F2</generatorID>
<ownerDesignName>Project</ownerDesignName>
<referredTableLongName>User</referredTableLongName>
<arc>D23C816D-8142-F4B6-CF5E-5A150421DA57</arc>
<deleteRule>NO ACTION</deleteRule>
<referredTableID>C6424AC2-FEFB-E340-F8F0-FDD4364C9578</referredTableID>
<keyObject>B0FA4697-8854-F3F1-DA45-288FF36EF1DA</keyObject>
<referredKeyID>B0FA4697-8854-F3F1-DA45-288FF36EF1DA</referredKeyID>
<mandatory>true</mandatory>
<refColNames>Email</refColNames>
<transferable>true</transferable>
<rely>false</rely>
<columnDependencyConstraintGenerateInDDL>true</columnDependencyConstraintGenerateInDDL>
</FKIndexAssociation>