<?xml version = '1.0' encoding = 'UTF-8'?>
<FKIndexAssociation class="oracle.dbtools.crest.model.design.relational.FKIndexAssociation" directorySegmentName="seg_0" id="48EA04E8-A930-2EFA-C431-35A7EEDE5814" containerWithKeyObject="CDE53A2C-1306-1120-EFD6-7BA3B5F5709E" localFKIndex="C5ED1BB7-7695-ECBB-0EFD-9BC5D1528D8E" name="Agente_User_FKv2">
<createdBy>salferdez</createdBy>
<createdTime>2024-12-17 12:07:41 UTC</createdTime>
<generatorID>3CE669F4-8762-3C64-97A0-EC620A2D49E1</generatorID>
<ownerDesignName>Project</ownerDesignName>
<referredTableLongName>User</referredTableLongName>
<arc>D23C816D-8142-F4B6-CF5E-5A150421DA57</arc>
<deleteRule>NO ACTION</deleteRule>
<referredTableID>C6424AC2-FEFB-E340-F8F0-FDD4364C9578</referredTableID>
<keyObject>B0FA4697-8854-F3F1-DA45-288FF36EF1DA</keyObject>
<referredKeyID>B0FA4697-8854-F3F1-DA45-288FF36EF1DA</referredKeyID>
<mandatory>true</mandatory>
<refColNames>Email</refColNames>
<transferable>true</transferable>
<rely>false</rely>
<columnDependencyConstraintGenerateInDDL>true</columnDependencyConstraintGenerateInDDL>
</FKIndexAssociation>