<?xml version = '1.0' encoding = 'UTF-8'?>
<FKIndexAssociation class="oracle.dbtools.crest.model.design.relational.FKIndexAssociation" directorySegmentName="seg_0" id="5976348C-9341-7CB5-7549-EB7B6FCE8BBF" containerWithKeyObject="56D68833-AF12-5C32-9CD9-980975234479" localFKIndex="1D238C82-AC20-2619-449B-8D12D19624CB" name="product_asset_Product_FK">
<createdBy>salferdez</createdBy>
<createdTime>2024-12-17 11:42:38 UTC</createdTime>
<generatorID>6ED79230-685F-E3F6-D93B-EA255A5942D1</generatorID>
<ownerDesignName>Project</ownerDesignName>
<importedID>D5F58507-D1A6-DC2E-5B67-B3AA8DFFFA2C</importedID>
<referredTableLongName>Product</referredTableLongName>
<deleteRule>NO ACTION</deleteRule>
<referredTableID>EB1BF707-DE7B-5F12-A72E-79696F7C2936</referredTableID>
<keyObject>54723920-C6E0-8CD2-FC39-2560AB88D35A</keyObject>
<referredKeyID>54723920-C6E0-8CD2-FC39-2560AB88D35A</referredKeyID>
<mandatory>true</mandatory>
<refColNames>Name</refColNames>
<transferable>true</transferable>
<rely>false</rely>
<columnDependencyConstraintGenerateInDDL>true</columnDependencyConstraintGenerateInDDL>
</FKIndexAssociation>