<?xml version = '1.0' encoding = 'UTF-8'?>
<FKIndexAssociation class="oracle.dbtools.crest.model.design.relational.FKIndexAssociation" directorySegmentName="seg_0" id="5A6CBDCE-6AE9-50A8-3FFF-EDC5F19D9413" containerWithKeyObject="825DC32D-C24A-CBEB-B6FC-76D867F62876" localFKIndex="53FE374B-376A-A79D-1883-9F1D201F8069" name="Account_Payment_Plan_FK">
<createdBy>salferdez</createdBy>
<createdTime>2024-12-17 12:09:42 UTC</createdTime>
<generatorID>1E556178-2775-6FA6-92A8-921843B5A144</generatorID>
<ownerDesignName>Project</ownerDesignName>
<referredTableLongName>Payment_Plan</referredTableLongName>
<deleteRule>NO ACTION</deleteRule>
<referredTableID>E9199060-0444-5399-ABBE-B304A9B6EBAA</referredTableID>
<keyObject>7ECD3ECE-A27E-D433-FC9A-1D08E0FD06AD</keyObject>
<referredKeyID>7ECD3ECE-A27E-D433-FC9A-1D08E0FD06AD</referredKeyID>
<mandatory>true</mandatory>
<refColNames>Type</refColNames>
<transferable>true</transferable>
<rely>false</rely>
<columnDependencyConstraintGenerateInDDL>true</columnDependencyConstraintGenerateInDDL>
</FKIndexAssociation>