<?xml version = '1.0' encoding = 'UTF-8'?>
<FKIndexAssociation class="oracle.dbtools.crest.model.design.relational.FKIndexAssociation" directorySegmentName="seg_0" id="654DEF13-4315-2FFB-7AEC-04AAFE586F40" containerWithKeyObject="89F4259C-71BF-0379-084F-42EB33EA0E42" localFKIndex="7669DAB8-44A2-EB34-1E77-C5A3D009B272" name="Attribute_Account_FK">
<createdBy>salferdez</createdBy>
<createdTime>2024-12-17 12:09:42 UTC</createdTime>
<generatorID>208E2CAA-54EF-6C44-9EF8-8A659BB9D974</generatorID>
<ownerDesignName>Project</ownerDesignName>
<referredTableLongName>Account</referredTableLongName>
<deleteRule>NO ACTION</deleteRule>
<referredTableID>825DC32D-C24A-CBEB-B6FC-76D867F62876</referredTableID>
<keyObject>6B1F7D73-D318-4B79-BA6D-A010BA6DA77E</keyObject>
<referredKeyID>6B1F7D73-D318-4B79-BA6D-A010BA6DA77E</referredKeyID>
<mandatory>true</mandatory>
<refColNames>Name_account,Payment_Plan_Type</refColNames>
<transferable>true</transferable>
<rely>false</rely>
<columnDependencyConstraintGenerateInDDL>true</columnDependencyConstraintGenerateInDDL>
</FKIndexAssociation>