<?xml version = '1.0' encoding = 'UTF-8'?>
<FKIndexAssociation class="oracle.dbtools.crest.model.design.relational.FKIndexAssociation" directorySegmentName="seg_0" id="940F6C0C-FB34-D661-7072-427A0F9B5ECA" containerWithKeyObject="56D68833-AF12-5C32-9CD9-980975234479" localFKIndex="F3B69315-1219-D2C0-6262-4762EA09D296" name="product_asset_Asset_FK">
<createdBy>salferdez</createdBy>
<createdTime>2024-12-17 11:42:38 UTC</createdTime>
<generatorID>6ED79230-685F-E3F6-D93B-EA255A5942D1</generatorID>
<ownerDesignName>Project</ownerDesignName>
<importedID>574A6473-EC9F-EBAC-5E78-902D34D285EC</importedID>
<referredTableLongName>Asset</referredTableLongName>
<deleteRule>NO ACTION</deleteRule>
<referredTableID>3853D2DA-45E3-79FB-8771-E84948A018EB</referredTableID>
<keyObject>0174B49F-73A0-56C9-E0BA-66859DD7FEBB</keyObject>
<referredKeyID>0174B49F-73A0-56C9-E0BA-66859DD7FEBB</referredKeyID>
<mandatory>true</mandatory>
<refColNames>Type_Asset</refColNames>
<transferable>true</transferable>
<rely>false</rely>
<columnDependencyConstraintGenerateInDDL>true</columnDependencyConstraintGenerateInDDL>
</FKIndexAssociation>