<?xml version = '1.0' encoding = 'UTF-8'?>
<FKIndexAssociation class="oracle.dbtools.crest.model.design.relational.FKIndexAssociation" directorySegmentName="seg_0" id="9C6AA9A8-6F16-8981-026D-149B24BD84EA" containerWithKeyObject="EB1BF707-DE7B-5F12-A72E-79696F7C2936" localFKIndex="ED5A177A-1FA1-495C-BCE5-5F145594EB1C" name="Product_Account_FK">
<createdBy>salferdez</createdBy>
<createdTime>2024-12-17 11:42:38 UTC</createdTime>
<generatorID>FA733F0F-5403-58FC-420D-A9D202D27AEA</generatorID>
<ownerDesignName>Project</ownerDesignName>
<importedID>ED68AEFE-68A5-BB4B-1847-0068D37EB88D</importedID>
<referredTableLongName>Account</referredTableLongName>
<deleteRule>NO ACTION</deleteRule>
<referredTableID>825DC32D-C24A-CBEB-B6FC-76D867F62876</referredTableID>
<keyObject>6B1F7D73-D318-4B79-BA6D-A010BA6DA77E</keyObject>
<referredKeyID>6B1F7D73-D318-4B79-BA6D-A010BA6DA77E</referredKeyID>
<mandatory>false</mandatory>
<refColNames>Name_account,Payment_Plan_Type</refColNames>
<transferable>true</transferable>
<rely>false</rely>
<columnDependencyConstraintGenerateInDDL>true</columnDependencyConstraintGenerateInDDL>
</FKIndexAssociation>