<?xml version = '1.0' encoding = 'UTF-8'?>
<FKIndexAssociation class="oracle.dbtools.crest.model.design.relational.FKIndexAssociation" directorySegmentName="seg_0" id="9E50E393-D2CE-BDFD-D20B-7B428EA16E38" containerWithKeyObject="F3CB9E37-3B26-3FBC-786E-D6B93F71C732" localFKIndex="F4E8701B-1ECA-00B5-534E-AA1D17AA8846" name="product_product_Product_FKv1">
<createdBy>salferdez</createdBy>
<createdTime>2024-12-17 11:42:38 UTC</createdTime>
<generatorID>0D3789FF-5EB4-2303-DED1-DE966A74990A</generatorID>
<ownerDesignName>Project</ownerDesignName>
<importedID>26C8E228-2801-ACC0-8FF3-CA8B518FC6D2</importedID>
<referredTableLongName>Product</referredTableLongName>
<deleteRule>NO ACTION</deleteRule>
<referredTableID>EB1BF707-DE7B-5F12-A72E-79696F7C2936</referredTableID>
<keyObject>54723920-C6E0-8CD2-FC39-2560AB88D35A</keyObject>
<referredKeyID>54723920-C6E0-8CD2-FC39-2560AB88D35A</referredKeyID>
<mandatory>true</mandatory>
<refColNames>Name</refColNames>
<transferable>true</transferable>
<rely>false</rely>
<columnDependencyConstraintGenerateInDDL>true</columnDependencyConstraintGenerateInDDL>
</FKIndexAssociation>