<?xml version = '1.0' encoding = 'UTF-8'?>
<FKIndexAssociation class="oracle.dbtools.crest.model.design.relational.FKIndexAssociation" directorySegmentName="seg_0" id="A928A16C-835F-4631-D14C-E0D971D8FACE" containerWithKeyObject="006CAF9D-8E35-5339-20EA-8EF0DBD54B3E" localFKIndex="6C93BA6A-2FD4-0212-426A-F5EC1C69E1E6" name="product_category_Category_FK">
<createdBy>salferdez</createdBy>
<createdTime>2024-12-17 11:42:38 UTC</createdTime>
<generatorID>D8E41144-4C62-5EA7-788F-DD21A0986562</generatorID>
<ownerDesignName>Project</ownerDesignName>
<importedID>BEB0C008-C47A-739D-F99C-ED3BDF342C61</importedID>
<referredTableLongName>Category</referredTableLongName>
<deleteRule>NO ACTION</deleteRule>
<referredTableID>6F337854-8A98-1DFA-CAB0-4F74AAD8FEC7</referredTableID>
<keyObject>C40BDE31-F491-C477-A7E0-37C32F4FD3CE</keyObject>
<referredKeyID>C40BDE31-F491-C477-A7E0-37C32F4FD3CE</referredKeyID>
<mandatory>true</mandatory>
<refColNames>ID</refColNames>
<transferable>true</transferable>
<rely>false</rely>
<columnDependencyConstraintGenerateInDDL>true</columnDependencyConstraintGenerateInDDL>
</FKIndexAssociation>