<?xml version = '1.0' encoding = 'UTF-8'?>
<FKIndexAssociation class="oracle.dbtools.crest.model.design.relational.FKIndexAssociation" directorySegmentName="seg_0" id="A9BC9CBF-7D38-F67D-343B-E9E563A24D6F" containerWithKeyObject="B5224470-17E7-1DDB-CC77-9246F84FD636" localFKIndex="44025BE0-F097-1A8E-A379-18015E3F08C2" name="asset_account_Asset_FK">
<createdBy>salferdez</createdBy>
<createdTime>2024-12-17 11:42:38 UTC</createdTime>
<generatorID>ED1D7E17-0179-A2DA-F172-2C7C7EBCC468</generatorID>
<ownerDesignName>Project</ownerDesignName>
<importedID>0A6FBD4E-F039-C025-4119-58D6CED4CAAF</importedID>
<referredTableLongName>Asset</referredTableLongName>
<deleteRule>NO ACTION</deleteRule>
<referredTableID>3853D2DA-45E3-79FB-8771-E84948A018EB</referredTableID>
<keyObject>0174B49F-73A0-56C9-E0BA-66859DD7FEBB</keyObject>
<referredKeyID>0174B49F-73A0-56C9-E0BA-66859DD7FEBB</referredKeyID>
<mandatory>true</mandatory>
<refColNames>Type_Asset</refColNames>
<transferable>true</transferable>
<rely>false</rely>
<columnDependencyConstraintGenerateInDDL>true</columnDependencyConstraintGenerateInDDL>
</FKIndexAssociation>