<?xml version = '1.0' encoding = 'UTF-8'?>
<FKIndexAssociation class="oracle.dbtools.crest.model.design.relational.FKIndexAssociation" directorySegmentName="seg_0" id="AAD018EB-7A8A-AA4F-72F7-8D07FB5137D2" containerWithKeyObject="D1BF781A-AD6A-BA77-AEF0-0BCD3CBC2B4E" localFKIndex="DCEE8C94-BC34-D441-CF7C-D7B58B6E8BA6" name="Owner_Account_FK">
<createdBy>salferdez</createdBy>
<createdTime>2024-12-17 12:09:42 UTC</createdTime>
<generatorID>6624CBFE-DDFA-F343-A9B8-BCF90DC3C945</generatorID>
<ownerDesignName>Project</ownerDesignName>
<referredTableLongName>Account</referredTableLongName>
<deleteRule>NO ACTION</deleteRule>
<referredTableID>825DC32D-C24A-CBEB-B6FC-76D867F62876</referredTableID>
<keyObject>6B1F7D73-D318-4B79-BA6D-A010BA6DA77E</keyObject>
<referredKeyID>6B1F7D73-D318-4B79-BA6D-A010BA6DA77E</referredKeyID>
<mandatory>true</mandatory>
<refColNames>Name_account,Payment_Plan_Type</refColNames>
<transferable>true</transferable>
<rely>false</rely>
<columnDependencyConstraintGenerateInDDL>true</columnDependencyConstraintGenerateInDDL>
</FKIndexAssociation>