<?xml version = '1.0' encoding = 'UTF-8'?>
<FKIndexAssociation class="oracle.dbtools.crest.model.design.relational.FKIndexAssociation" directorySegmentName="seg_0" id="BF36C0FF-59EC-B09D-E8A7-17DB9719F265" containerWithKeyObject="006CAF9D-8E35-5339-20EA-8EF0DBD54B3E" localFKIndex="780F6699-50D1-2FA3-5262-DBE5D8DE759C" name="product_category_Product_FK">
<createdBy>salferdez</createdBy>
<createdTime>2024-12-17 11:42:38 UTC</createdTime>
<generatorID>D8E41144-4C62-5EA7-788F-DD21A0986562</generatorID>
<ownerDesignName>Project</ownerDesignName>
<importedID>022FEBAF-7DE2-01E7-FF7A-BE8E98C32411</importedID>
<referredTableLongName>Product</referredTableLongName>
<deleteRule>NO ACTION</deleteRule>
<referredTableID>EB1BF707-DE7B-5F12-A72E-79696F7C2936</referredTableID>
<keyObject>54723920-C6E0-8CD2-FC39-2560AB88D35A</keyObject>
<referredKeyID>54723920-C6E0-8CD2-FC39-2560AB88D35A</referredKeyID>
<mandatory>true</mandatory>
<refColNames>Name</refColNames>
<transferable>true</transferable>
<rely>false</rely>
<columnDependencyConstraintGenerateInDDL>true</columnDependencyConstraintGenerateInDDL>
</FKIndexAssociation>