<?xml version = '1.0' encoding = 'UTF-8'?>
<FKIndexAssociation class="oracle.dbtools.crest.model.design.relational.FKIndexAssociation" directorySegmentName="seg_0" id="C5FD2766-D292-A9AD-058A-C5A0F68EC549" containerWithKeyObject="CDE53A2C-1306-1120-EFD6-7BA3B5F5709E" localFKIndex="0A6234DE-8BF1-399E-2B86-801B9B1B9949" name="Agente_User_FK">
<createdBy>salferdez</createdBy>
<createdTime>2024-12-17 11:42:38 UTC</createdTime>
<generatorID>3CE669F4-8762-3C64-97A0-EC620A2D49E1</generatorID>
<ownerDesignName>Project</ownerDesignName>
<importedID>945105D6-F7D4-D0DC-8FF3-95C79FE8AE5B</importedID>
<referredTableLongName>User</referredTableLongName>
<arc>9C2C55AD-CA5E-DC70-C64C-75992B31503C</arc>
<deleteRule>NO ACTION</deleteRule>
<referredTableID>C6424AC2-FEFB-E340-F8F0-FDD4364C9578</referredTableID>
<keyObject>B0FA4697-8854-F3F1-DA45-288FF36EF1DA</keyObject>
<referredKeyID>B0FA4697-8854-F3F1-DA45-288FF36EF1DA</referredKeyID>
<mandatory>true</mandatory>
<refColNames>Email</refColNames>
<transferable>true</transferable>
<rely>false</rely>
<columnDependencyConstraintGenerateInDDL>true</columnDependencyConstraintGenerateInDDL>
</FKIndexAssociation>