<?xml version = '1.0' encoding = 'UTF-8'?>
<FKIndexAssociation class="oracle.dbtools.crest.model.design.relational.FKIndexAssociation" directorySegmentName="seg_0" id="CB19436D-ADDF-304A-B163-C145D704EADF" containerWithKeyObject="D1BF781A-AD6A-BA77-AEF0-0BCD3CBC2B4E" localFKIndex="CA6DBF04-C3CB-CC45-E6CF-CFF79AB5E989" name="Owner_User_FK">
<createdBy>salferdez</createdBy>
<createdTime>2024-12-17 11:42:38 UTC</createdTime>
<generatorID>F4C4DFCB-12C8-F478-3355-FF36881A90F2</generatorID>
<ownerDesignName>Project</ownerDesignName>
<importedID>B5C2589E-5770-5310-3A4B-5D68A3EB8E1B</importedID>
<referredTableLongName>User</referredTableLongName>
<arc>9C2C55AD-CA5E-DC70-C64C-75992B31503C</arc>
<deleteRule>NO ACTION</deleteRule>
<referredTableID>C6424AC2-FEFB-E340-F8F0-FDD4364C9578</referredTableID>
<keyObject>B0FA4697-8854-F3F1-DA45-288FF36EF1DA</keyObject>
<referredKeyID>B0FA4697-8854-F3F1-DA45-288FF36EF1DA</referredKeyID>
<mandatory>true</mandatory>
<refColNames>Email</refColNames>
<transferable>true</transferable>
<rely>false</rely>
<columnDependencyConstraintGenerateInDDL>true</columnDependencyConstraintGenerateInDDL>
</FKIndexAssociation>