<?xml version = '1.0' encoding = 'UTF-8'?>
<FKIndexAssociation class="oracle.dbtools.crest.model.design.relational.FKIndexAssociation" directorySegmentName="seg_0" id="D69C1573-3395-A913-B79B-AB0598991570" containerWithKeyObject="F3CB9E37-3B26-3FBC-786E-D6B93F71C732" localFKIndex="6C9A84AC-466C-AAC8-BCAE-8C86C3D71634" name="product_product_Product_FK">
<createdBy>salferdez</createdBy>
<createdTime>2024-12-17 11:42:38 UTC</createdTime>
<generatorID>0D3789FF-5EB4-2303-DED1-DE966A74990A</generatorID>
<ownerDesignName>Project</ownerDesignName>
<importedID>8D152B28-86E8-9394-203C-B6B9F58DE7AB</importedID>
<referredTableLongName>Product</referredTableLongName>
<deleteRule>NO ACTION</deleteRule>
<referredTableID>EB1BF707-DE7B-5F12-A72E-79696F7C2936</referredTableID>
<keyObject>54723920-C6E0-8CD2-FC39-2560AB88D35A</keyObject>
<referredKeyID>54723920-C6E0-8CD2-FC39-2560AB88D35A</referredKeyID>
<mandatory>true</mandatory>
<refColNames>Name</refColNames>
<transferable>true</transferable>
<rely>false</rely>
<columnDependencyConstraintGenerateInDDL>true</columnDependencyConstraintGenerateInDDL>
</FKIndexAssociation>