<?xml version = '1.0' encoding = 'UTF-8'?>
<FKIndexAssociation class="oracle.dbtools.crest.model.design.relational.FKIndexAssociation" directorySegmentName="seg_0" id="F77EF82E-873F-D97A-F365-62BCB67E3D8C" containerWithKeyObject="098282AF-2C1A-A479-C8AB-D9E9CDF2C1F1" localFKIndex="7790C58C-9DDA-5AF3-5DA8-651ED499754A" name="product_attribute_Product_FK">
<createdBy>salferdez</createdBy>
<createdTime>2024-12-17 11:42:38 UTC</createdTime>
<generatorID>86E5A7D0-6BEE-2438-458E-D56986DCEC56</generatorID>
<ownerDesignName>Project</ownerDesignName>
<importedID>2A6FEAB2-2CE7-95E1-BFB1-0E4789274D16</importedID>
<referredTableLongName>Product</referredTableLongName>
<deleteRule>NO ACTION</deleteRule>
<referredTableID>EB1BF707-DE7B-5F12-A72E-79696F7C2936</referredTableID>
<keyObject>54723920-C6E0-8CD2-FC39-2560AB88D35A</keyObject>
<referredKeyID>54723920-C6E0-8CD2-FC39-2560AB88D35A</referredKeyID>
<mandatory>true</mandatory>
<refColNames>Name</refColNames>
<transferable>true</transferable>
<rely>false</rely>
<columnDependencyConstraintGenerateInDDL>true</columnDependencyConstraintGenerateInDDL>
</FKIndexAssociation>