<?xml version = '1.0' encoding = 'UTF-8'?>
<Diagram class="oracle.dbtools.crest.swingui.logical.DPVLogical" name="Logical" id="9049D44D-246C-322D-157E-13E8DC9AD545">
<createdBy>salferdez</createdBy>
<modifiedBy>salferdez</modifiedBy>
<createdTime>2024-12-17 11:42:38 UTC</createdTime>
<autoRoute>false</autoRoute>
<boxInbox>true</boxInbox>
<showLegend>false</showLegend>
<showLabels>true</showLabels>
<showRelAttributes>false</showRelAttributes>
<gridEnabled>false</gridEnabled>
<showGrid>false</showGrid>
<diagramColor>-1</diagramColor>
<display>false</display>
<notation>1</notation>
<objectViews>
<OView class="oracle.dbtools.crest.swingui.logical.TVEntity" oid="334EEDAF-8B62-4124-1251-5D4F0DB6EE34" otype="Entity" vid="DB171E29-2236-E6C9-6A33-385625B08722">
<hideElementsInCurrentOnly>false</hideElementsInCurrentOnly>
<bounds x="912" y="45" width="172" height="219"/>
</OView>
<OView class="oracle.dbtools.crest.swingui.logical.TVEntity" oid="3FB2B27F-06C5-DAC7-4AC6-3D47CB87B14C" otype="Entity" vid="82B9E546-E8CC-ACAB-F8E3-EA843C3E09D3">
<hideElementsInCurrentOnly>false</hideElementsInCurrentOnly>
<bounds x="771" y="470" width="287" height="227"/>
</OView>
<OView class="oracle.dbtools.crest.swingui.logical.TVEntity" oid="549928A9-75DD-D8EB-9932-6D93AA18C76B" otype="Entity" vid="18EFB4E8-98CD-E2C4-DAF8-9C812AE0DAC9">
<hideElementsInCurrentOnly>false</hideElementsInCurrentOnly>
<bounds x="39" y="384" width="174" height="80"/>
</OView>
<OView class="oracle.dbtools.crest.swingui.logical.TVEntity" oid="9E515553-019C-E3BE-FC9E-23E5EBF9E28A" otype="Entity" vid="A2E5D704-366E-0C75-2AE3-852402314D20">
<hideElementsInCurrentOnly>false</hideElementsInCurrentOnly>
<bounds x="84" y="61" width="170" height="139"/>
</OView>
<OView class="oracle.dbtools.crest.swingui.logical.TVEntity" oid="A4CB186F-BAE6-CEC4-E9C4-E8AE88DC26DF" otype="Entity" vid="DBD70823-9B9E-D5D8-0BD0-4F51BE1D2C17">
<hideElementsInCurrentOnly>false</hideElementsInCurrentOnly>
<bounds x="531" y="10" width="170" height="110"/>
</OView>
<OView class="oracle.dbtools.crest.swingui.logical.TVEntity" oid="DC3D59D9-A46F-9503-5A18-63ADB019B461" otype="Entity" vid="9B33DA48-08A9-921A-BF1B-8B98BD2E7319">
<hideElementsInCurrentOnly>false</hideElementsInCurrentOnly>
<bounds x="791" y="548" width="111" height="112"/>
</OView>
<OView class="oracle.dbtools.crest.swingui.logical.TVEntity" oid="E0981E9E-05C2-AFD4-A445-66C59279332F" otype="Entity" vid="71F4E9A0-E3C9-6B5E-EDB2-DCD25AED16ED">
<hideElementsInCurrentOnly>false</hideElementsInCurrentOnly>
<bounds x="937" y="556" width="111" height="84"/>
</OView>
<OView class="oracle.dbtools.crest.swingui.logical.TVEntity" oid="E551C4D8-68B5-D0F0-629A-1BF668D528D7" otype="Entity" vid="32A86E61-157A-7334-82AA-A34F56AF4AA5">
<hideElementsInCurrentOnly>false</hideElementsInCurrentOnly>
<bounds x="1185" y="89" width="207" height="214"/>
</OView>
<OView class="oracle.dbtools.crest.swingui.logical.TVEntity" oid="F34C7727-DCFB-CC3A-0B12-CB4A6AA732C8" otype="Entity" vid="3DBED787-7554-2C45-A4DB-533D69F0EE2B">
<hideElementsInCurrentOnly>false</hideElementsInCurrentOnly>
<bounds x="416" y="330" width="170" height="110"/>
</OView>
</objectViews>
<connectors>
<Connector class="oracle.dbtools.crest.swingui.logical.TVRelation" oid="0D3789FF-5EB4-2303-DED1-DE966A74990A" otype="Relation" vid_source="A2E5D704-366E-0C75-2AE3-852402314D20" vid_target="A2E5D704-366E-0C75-2AE3-852402314D20">
<hideElementsInCurrentOnly>false</hideElementsInCurrentOnly>
<backgroundColor>-16777216</backgroundColor>
<lineWidth>1</lineWidth>
<sourceLabel class="oracle.dbtools.crest.model.design.Label">
<site>0</site>
<labelBounds x="279" y="127" width="48" height="30"/>
<noBackgroundColor>true</noBackgroundColor>
<noForegroundColor>true</noForegroundColor>
</sourceLabel>
<targetLabel class="oracle.dbtools.crest.model.design.Label">
<site>2</site>
<labelBounds x="184" y="212" width="48" height="30"/>
<noBackgroundColor>true</noBackgroundColor>
<noForegroundColor>true</noForegroundColor>
</targetLabel>
<points>
<point x="254" y="142"/>
<point x="279" y="142"/>
<point x="279" y="226"/>
<point x="184" y="225"/>
<point x="184" y="200"/>
</points>
</Connector>
<Connector class="oracle.dbtools.crest.swingui.logical.TVRelation" oid="1E556178-2775-6FA6-92A8-921843B5A144" otype="Relation" vid_source="DB171E29-2236-E6C9-6A33-385625B08722" vid_target="32A86E61-157A-7334-82AA-A34F56AF4AA5">
<hideElementsInCurrentOnly>false</hideElementsInCurrentOnly>
<backgroundColor>-16777216</backgroundColor>
<lineWidth>1</lineWidth>
<sourceLabel class="oracle.dbtools.crest.model.design.Label">
<site>0</site>
<labelBounds x="1094" y="146" width="61" height="30"/>
<noBackgroundColor>true</noBackgroundColor>
<noForegroundColor>true</noForegroundColor>
</sourceLabel>
<targetLabel class="oracle.dbtools.crest.model.design.Label">
<site>2</site>
<labelBounds x="1127" y="179" width="52" height="30"/>
<noBackgroundColor>true</noBackgroundColor>
<noForegroundColor>true</noForegroundColor>
</targetLabel>
<points>
<point x="1084" y="176"/>
<point x="1185" y="176"/>
</points>
</Connector>
<Connector class="oracle.dbtools.crest.swingui.logical.TVRelation" oid="208E2CAA-54EF-6C44-9EF8-8A659BB9D974" otype="Relation" vid_source="DBD70823-9B9E-D5D8-0BD0-4F51BE1D2C17" vid_target="DB171E29-2236-E6C9-6A33-385625B08722">
<hideElementsInCurrentOnly>false</hideElementsInCurrentOnly>
<backgroundColor>-16777216</backgroundColor>
<lineWidth>1</lineWidth>
<sourceLabel class="oracle.dbtools.crest.model.design.Label">
<site>0</site>
<labelBounds x="711" y="52" width="66" height="30"/>
<noBackgroundColor>true</noBackgroundColor>
<noForegroundColor>true</noForegroundColor>
</sourceLabel>
<targetLabel class="oracle.dbtools.crest.model.design.Label">
<site>2</site>
<labelBounds x="823" y="85" width="83" height="30"/>
<noBackgroundColor>true</noBackgroundColor>
<noForegroundColor>true</noForegroundColor>
</targetLabel>
<points>
<point x="701" y="82"/>
<point x="912" y="82"/>
</points>
</Connector>
<Connector class="oracle.dbtools.crest.swingui.logical.TVInheritanceRelation" oid="3CE669F4-8762-3C64-97A0-EC620A2D49E1" otype="Hierarchy relation" vid_source="82B9E546-E8CC-ACAB-F8E3-EA843C3E09D3" vid_target="9B33DA48-08A9-921A-BF1B-8B98BD2E7319">
<hideElementsInCurrentOnly>false</hideElementsInCurrentOnly>
<backgroundColor>-65536</backgroundColor>
<lineWidth>1</lineWidth>
</Connector>
<Connector class="oracle.dbtools.crest.swingui.logical.TVRelation" oid="6624CBFE-DDFA-F343-A9B8-BCF90DC3C945" otype="Relation" vid_source="71F4E9A0-E3C9-6B5E-EDB2-DCD25AED16ED" vid_target="DB171E29-2236-E6C9-6A33-385625B08722">
<hideElementsInCurrentOnly>false</hideElementsInCurrentOnly>
<backgroundColor>-16777216</backgroundColor>
<lineWidth>1</lineWidth>
<sourceLabel class="oracle.dbtools.crest.model.design.Label">
<site>0</site>
<labelBounds x="1007" y="520" width="40" height="30"/>
<noBackgroundColor>true</noBackgroundColor>
<noForegroundColor>true</noForegroundColor>
</sourceLabel>
<targetLabel class="oracle.dbtools.crest.model.design.Label">
<site>2</site>
<labelBounds x="1007" y="340" width="66" height="30"/>
<noBackgroundColor>true</noBackgroundColor>
<noForegroundColor>true</noForegroundColor>
</targetLabel>
<points>
<point x="1007" y="556"/>
<point x="1007" y="264"/>
</points>
</Connector>
<Connector class="oracle.dbtools.crest.swingui.logical.TVRelation" oid="6ED79230-685F-E3F6-D93B-EA255A5942D1" otype="Relation" vid_source="A2E5D704-366E-0C75-2AE3-852402314D20" vid_target="3DBED787-7554-2C45-A4DB-533D69F0EE2B">
<hideElementsInCurrentOnly>false</hideElementsInCurrentOnly>
<backgroundColor>-16777216</backgroundColor>
<lineWidth>1</lineWidth>
<sourceLabel class="oracle.dbtools.crest.model.design.Label">
<site>0</site>
<labelBounds x="264" y="195" width="53" height="30"/>
<noBackgroundColor>true</noBackgroundColor>
<noForegroundColor>true</noForegroundColor>
</sourceLabel>
<targetLabel class="oracle.dbtools.crest.model.design.Label">
<site>2</site>
<labelBounds x="429" y="294" width="56" height="30"/>
<noBackgroundColor>true</noBackgroundColor>
<noForegroundColor>true</noForegroundColor>
</targetLabel>
<points>
<point x="254" y="195"/>
<point x="429" y="330"/>
</points>
</Connector>
<Connector class="oracle.dbtools.crest.swingui.logical.TVRelation" oid="86E5A7D0-6BEE-2438-458E-D56986DCEC56" otype="Relation" vid_source="DBD70823-9B9E-D5D8-0BD0-4F51BE1D2C17" vid_target="A2E5D704-366E-0C75-2AE3-852402314D20">
<hideElementsInCurrentOnly>false</hideElementsInCurrentOnly>
<backgroundColor>-16777216</backgroundColor>
<lineWidth>1</lineWidth>
<sourceLabel class="oracle.dbtools.crest.model.design.Label">
<site>0</site>
<labelBounds x="424" y="60" width="101" height="30"/>
<noBackgroundColor>true</noBackgroundColor>
<noForegroundColor>true</noForegroundColor>
</sourceLabel>
<targetLabel class="oracle.dbtools.crest.model.design.Label">
<site>2</site>
<labelBounds x="264" y="93" width="83" height="30"/>
<noBackgroundColor>true</noBackgroundColor>
<noForegroundColor>true</noForegroundColor>
</targetLabel>
<points>
<point x="531" y="90"/>
<point x="254" y="90"/>
</points>
</Connector>
<Connector class="oracle.dbtools.crest.swingui.logical.TVRelation" oid="BA433379-8E40-661B-B018-79184AF7C20F" otype="Relation" vid_source="DB171E29-2236-E6C9-6A33-385625B08722" vid_target="82B9E546-E8CC-ACAB-F8E3-EA843C3E09D3">
<hideElementsInCurrentOnly>false</hideElementsInCurrentOnly>
<backgroundColor>-16777216</backgroundColor>
<lineWidth>1</lineWidth>
<sourceLabel class="oracle.dbtools.crest.model.design.Label">
<site>0</site>
<labelBounds x="985" y="300" width="80" height="30"/>
<noBackgroundColor>true</noBackgroundColor>
<noForegroundColor>true</noForegroundColor>
</sourceLabel>
<targetLabel class="oracle.dbtools.crest.model.design.Label">
<site>2</site>
<labelBounds x="985" y="434" width="47" height="30"/>
<noBackgroundColor>true</noBackgroundColor>
<noForegroundColor>true</noForegroundColor>
</targetLabel>
<points>
<point x="985" y="264"/>
<point x="985" y="470"/>
</points>
</Connector>
<Connector class="oracle.dbtools.crest.swingui.logical.TVRelation" oid="D8E41144-4C62-5EA7-788F-DD21A0986562" otype="Relation" vid_source="A2E5D704-366E-0C75-2AE3-852402314D20" vid_target="18EFB4E8-98CD-E2C4-DAF8-9C812AE0DAC9">
<hideElementsInCurrentOnly>false</hideElementsInCurrentOnly>
<backgroundColor>-16777216</backgroundColor>
<lineWidth>1</lineWidth>
<sourceLabel class="oracle.dbtools.crest.model.design.Label">
<site>0</site>
<labelBounds x="148" y="244" width="32" height="30"/>
<noBackgroundColor>true</noBackgroundColor>
<noForegroundColor>true</noForegroundColor>
</sourceLabel>
<targetLabel class="oracle.dbtools.crest.model.design.Label">
<site>2</site>
<labelBounds x="148" y="348" width="53" height="30"/>
<noBackgroundColor>true</noBackgroundColor>
<noForegroundColor>true</noForegroundColor>
</targetLabel>
<points>
<point x="148" y="200"/>
<point x="148" y="384"/>
</points>
</Connector>
<Connector class="oracle.dbtools.crest.swingui.logical.TVRelation" oid="ED1D7E17-0179-A2DA-F172-2C7C7EBCC468" otype="Relation" vid_source="DB171E29-2236-E6C9-6A33-385625B08722" vid_target="3DBED787-7554-2C45-A4DB-533D69F0EE2B">
<hideElementsInCurrentOnly>false</hideElementsInCurrentOnly>
<backgroundColor>-16777216</backgroundColor>
<lineWidth>1</lineWidth>
<sourceLabel class="oracle.dbtools.crest.model.design.Label">
<site>0</site>
<labelBounds x="874" y="194" width="32" height="30"/>
<noBackgroundColor>true</noBackgroundColor>
<noForegroundColor>true</noForegroundColor>
</sourceLabel>
<targetLabel class="oracle.dbtools.crest.model.design.Label">
<site>2</site>
<labelBounds x="596" y="345" width="53" height="30"/>
<noBackgroundColor>true</noBackgroundColor>
<noForegroundColor>true</noForegroundColor>
</targetLabel>
<points>
<point x="912" y="194"/>
<point x="586" y="345"/>
</points>
</Connector>
<Connector class="oracle.dbtools.crest.swingui.logical.TVInheritanceRelation" oid="F4C4DFCB-12C8-F478-3355-FF36881A90F2" otype="Hierarchy relation" vid_source="82B9E546-E8CC-ACAB-F8E3-EA843C3E09D3" vid_target="71F4E9A0-E3C9-6B5E-EDB2-DCD25AED16ED">
<hideElementsInCurrentOnly>false</hideElementsInCurrentOnly>
<backgroundColor>-65536</backgroundColor>
<lineWidth>1</lineWidth>
</Connector>
<Connector class="oracle.dbtools.crest.swingui.logical.TVRelation" oid="FA733F0F-5403-58FC-420D-A9D202D27AEA" otype="Relation" vid_source="DB171E29-2236-E6C9-6A33-385625B08722" vid_target="A2E5D704-366E-0C75-2AE3-852402314D20">
<hideElementsInCurrentOnly>false</hideElementsInCurrentOnly>
<backgroundColor>-16777216</backgroundColor>
<lineWidth>1</lineWidth>
<sourceLabel class="oracle.dbtools.crest.model.design.Label">
<site>0</site>
<labelBounds x="874" y="100" width="32" height="30"/>
<noBackgroundColor>true</noBackgroundColor>
<noForegroundColor>true</noForegroundColor>
</sourceLabel>
<targetLabel class="oracle.dbtools.crest.model.design.Label">
<site>2</site>
<labelBounds x="264" y="133" width="53" height="30"/>
<noBackgroundColor>true</noBackgroundColor>
<noForegroundColor>true</noForegroundColor>
</targetLabel>
<points>
<point x="912" y="130"/>
<point x="254" y="130"/>
</points>
</Connector>
</connectors>
</Diagram>