<?xml version = '1.0' encoding = 'UTF-8'?>
<relationalModel class="oracle.dbtools.crest.model.design.relational.RelationalDesign" name="Relational_1(2)" id="626FDD21-BC69-6B0C-3886-5F3249B554C9" mainViewID="FEC4411A-DD25-C309-317A-1FFE816D4595">
<createdBy>salferdez</createdBy>
<createdTime>2024-12-17 11:42:36 UTC</createdTime>
<ownerDesignName>Project</ownerDesignName>
<shouldBeOpen>false</shouldBeOpen>
<selectedRDBMSSite>32076570-2523-435C-2E92-BF29817DFF70</selectedRDBMSSite>
</relationalModel>