<?xml version = '1.0' encoding = 'UTF-8'?>
<InheritanceRelation class="oracle.dbtools.crest.model.design.logical.InheritanceRelation" name="Hierarchy_3" directorySegmentName="seg_0" id="3CE669F4-8762-3C64-97A0-EC620A2D49E1">
<createdBy>salferdez</createdBy>
<createdTime>2024-12-17 11:42:38 UTC</createdTime>
<ownerDesignName>Project</ownerDesignName>
<importedID>508602FC-4F64-55BE-3463-30E702CB0D55</importedID>
<engineerTo>
<item key="626FDD21-BC69-6B0C-3886-5F3249B554C9" value="true"/>
</engineerTo>
<identifying>false</identifying>
<nameOnSource>Super Type</nameOnSource>
<nameOnTarget>Sub Type</nameOnTarget>
<optionalSource>true</optionalSource>
<optionalTarget>true</optionalTarget>
<sourceEntity>3FB2B27F-06C5-DAC7-4AC6-3D47CB87B14C</sourceEntity>
<targetEntity>DC3D59D9-A46F-9503-5A18-63ADB019B461</targetEntity>
<transferable>true</transferable>
<deleteRule>NO ACTION</deleteRule>
</InheritanceRelation>