<?xml version = '1.0' encoding = 'UTF-8'?>
<Entity class="oracle.dbtools.crest.model.design.logical.Entity" directorySegmentName="seg_0" id="DC3D59D9-A46F-9503-5A18-63ADB019B461" name="Agente">
<createdBy>salferdez</createdBy>
<createdTime>2024-12-17 11:42:38 UTC</createdTime>
<ownerDesignName>Project</ownerDesignName>
<importedID>BAB562F6-E5C7-DC77-2B9A-75770D3C8577</importedID>
<engineerTo>
<item key="626FDD21-BC69-6B0C-3886-5F3249B554C9" value="true"/>
</engineerTo>
<adequatelyNormalized>NO</adequatelyNormalized>
<expectedVolumes>0</expectedVolumes>
<fwdEngineeringStrategyName>Single Table</fwdEngineeringStrategyName>
<growthPercent>0</growthPercent>
<growthType>Year</growthType>
<hierarchicalParent>3FB2B27F-06C5-DAC7-4AC6-3D47CB87B14C</hierarchicalParent>
<maxVolumes>9999999</maxVolumes>
<minVolumes>0</minVolumes>
<normalForm>Third</normalForm>
<attributes itemClass="oracle.dbtools.crest.model.design.logical.Attribute">
<Attribute name="Access Owner" id="8F96CFEB-D941-C0E4-1121-A42D565079F1">
<createdBy>salferdez</createdBy>
<createdTime>2024-12-17 11:42:38 UTC</createdTime>
<ownerDesignName>Project</ownerDesignName>
<importedID>FDC2CE83-5040-D872-6CBE-0C5FD837BB3E</importedID>
<engineerTo>
<item key="626FDD21-BC69-6B0C-3886-5F3249B554C9" value="true"/>
</engineerTo>
<nullsAllowed>true</nullsAllowed>
<useDomainConstraints>false</useDomainConstraints>
<use>1</use>
<logicalDatatype>LOGDT024</logicalDatatype>
<dataTypeSize>20 BYTE</dataTypeSize>
<ownDataTypeParameters>20 BYTE,,</ownDataTypeParameters>
</Attribute>
</attributes>
</Entity>