<?xml version = '1.0' encoding = 'UTF-8'?>
<Entity class="oracle.dbtools.crest.model.design.logical.Entity" directorySegmentName="seg_0" id="E0981E9E-05C2-AFD4-A445-66C59279332F" name="Owner">
<createdBy>salferdez</createdBy>
<createdTime>2024-12-17 11:42:38 UTC</createdTime>
<ownerDesignName>Project</ownerDesignName>
<importedID>CC279584-7ACC-6B8C-84A0-F3843C7D250E</importedID>
<engineerTo>
<item key="626FDD21-BC69-6B0C-3886-5F3249B554C9" value="true"/>
</engineerTo>
<adequatelyNormalized>NO</adequatelyNormalized>
<expectedVolumes>0</expectedVolumes>
<fwdEngineeringStrategyName>Single Table</fwdEngineeringStrategyName>
<growthPercent>0</growthPercent>
<growthType>Year</growthType>
<hierarchicalParent>3FB2B27F-06C5-DAC7-4AC6-3D47CB87B14C</hierarchicalParent>
<maxVolumes>9999999</maxVolumes>
<minVolumes>0</minVolumes>
<normalForm>Third</normalForm>
<attributes itemClass="oracle.dbtools.crest.model.design.logical.Attribute">
<Attribute name="Payment Access" id="B9B9125B-3B68-6F36-3963-C8EBD3F34879">
<createdBy>salferdez</createdBy>
<createdTime>2024-12-17 11:42:38 UTC</createdTime>
<ownerDesignName>Project</ownerDesignName>
<importedID>3C50F16E-914C-9651-A40E-CE80D15FEE0B</importedID>
<engineerTo>
<item key="626FDD21-BC69-6B0C-3886-5F3249B554C9" value="true"/>
</engineerTo>
<useDomainConstraints>false</useDomainConstraints>
<use>1</use>
<logicalDatatype>LOGDT024</logicalDatatype>
<dataTypeSize>20 BYTE</dataTypeSize>
<ownDataTypeParameters>20 BYTE,,</ownDataTypeParameters>
</Attribute>
<Attribute name="Name_account" id="75375426-1727-3263-5D2C-997E758AD814">
<createdBy>salferdez</createdBy>
<createdTime>2024-12-17 11:42:38 UTC</createdTime>
<generatorID>6624CBFE-DDFA-F343-A9B8-BCF90DC3C945</generatorID>
<ownerDesignName>Project</ownerDesignName>
<importedID>1875B53F-94EE-E179-A056-BAA2CB743F06</importedID>
<engineerTo>
<item key="626FDD21-BC69-6B0C-3886-5F3249B554C9" value="true"/>
</engineerTo>
<referedAttribute>E0B93745-6DE3-0F86-0DB3-310F9288C3C0</referedAttribute>
<useDomainConstraints>false</useDomainConstraints>
<use>1</use>
<logicalDatatype>LOGDT024</logicalDatatype>
<dataTypeSize>15 BYTE</dataTypeSize>
<ownDataTypeParameters>15 BYTE,,</ownDataTypeParameters>
</Attribute>
<Attribute name="Type" id="65B4638F-89CE-CF81-285C-062CEB690084">
<createdBy>salferdez</createdBy>
<createdTime>2024-12-17 11:42:38 UTC</createdTime>
<generatorID>6624CBFE-DDFA-F343-A9B8-BCF90DC3C945</generatorID>
<ownerDesignName>Project</ownerDesignName>
<importedID>599A8212-18BF-7EB4-7C23-72AB4C37606F</importedID>
<engineerTo>
<item key="626FDD21-BC69-6B0C-3886-5F3249B554C9" value="true"/>
</engineerTo>
<referedAttribute>DA7390F4-2C7B-7C21-3920-D891B29C5942</referedAttribute>
<useDomainConstraints>false</useDomainConstraints>
<use>1</use>
<logicalDatatype>LOGDT011</logicalDatatype>
<ownDataTypeParameters>,,</ownDataTypeParameters>
</Attribute>
</attributes>
<identifiers itemClass="oracle.dbtools.crest.model.design.logical.CandidateKey">
<identifier id="2038DE1D-9652-4F65-D734-65F136906794" name="Owner PK">
<createdBy>salferdez</createdBy>
<createdTime>2025-01-15 12:00:31 UTC</createdTime>
<ownerDesignName>Project</ownerDesignName>
<engineerTo>
<item key="626FDD21-BC69-6B0C-3886-5F3249B554C9" value="true"/>
</engineerTo>
<pk>true</pk>
<usedAttributes>
<attributeRef>B9B9125B-3B68-6F36-3963-C8EBD3F34879</attributeRef>
</usedAttributes>
</identifier>
</identifiers>
</Entity>