<?xml version = '1.0' encoding = 'UTF-8'?>
<Entity class="oracle.dbtools.crest.model.design.logical.Entity" directorySegmentName="seg_0" id="F34C7727-DCFB-CC3A-0B12-CB4A6AA732C8" name="Asset">
<createdBy>salferdez</createdBy>
<createdTime>2024-12-17 11:42:38 UTC</createdTime>
<ownerDesignName>Project</ownerDesignName>
<importedID>69806F03-FCEC-BFF9-914E-3C47D85E7C21</importedID>
<engineerTo>
<item key="626FDD21-BC69-6B0C-3886-5F3249B554C9" value="true"/>
</engineerTo>
<adequatelyNormalized>NO</adequatelyNormalized>
<expectedVolumes>0</expectedVolumes>
<fwdEngineeringStrategyName>Single Table</fwdEngineeringStrategyName>
<growthPercent>0</growthPercent>
<growthType>Year</growthType>
<maxVolumes>9999999</maxVolumes>
<minVolumes>0</minVolumes>
<normalForm>Third</normalForm>
<attributes itemClass="oracle.dbtools.crest.model.design.logical.Attribute">
<Attribute name="Type_Asset" id="14FAFC03-FB41-69AE-A0C8-0A91E5035D39">
<createdBy>salferdez</createdBy>
<createdTime>2024-12-17 11:42:38 UTC</createdTime>
<ownerDesignName>Project</ownerDesignName>
<importedID>1E9D2ED4-0E73-41D0-A88C-5E87ED11CD68</importedID>
<engineerTo>
<item key="626FDD21-BC69-6B0C-3886-5F3249B554C9" value="true"/>
</engineerTo>
<useDomainConstraints>false</useDomainConstraints>
<use>1</use>
<logicalDatatype>LOGDT024</logicalDatatype>
<dataTypeSize>5 BYTE</dataTypeSize>
<ownDataTypeParameters>5 BYTE,,</ownDataTypeParameters>
</Attribute>
<Attribute name="Name" id="B1F41AF8-E877-6BC8-1731-E0D7F3806766">
<createdBy>salferdez</createdBy>
<createdTime>2024-12-17 11:42:38 UTC</createdTime>
<ownerDesignName>Project</ownerDesignName>
<importedID>0A4A2DFE-A4E6-B2E1-C280-5728410ED4EA</importedID>
<engineerTo>
<item key="626FDD21-BC69-6B0C-3886-5F3249B554C9" value="true"/>
</engineerTo>
<useDomainConstraints>false</useDomainConstraints>
<use>1</use>
<logicalDatatype>LOGDT024</logicalDatatype>
<dataTypeSize>15 BYTE</dataTypeSize>
<ownDataTypeParameters>15 BYTE,,</ownDataTypeParameters>
</Attribute>
<Attribute name="Date" id="B5BEE55C-32A3-0A2E-52A1-C378A3A8A4B6">
<createdBy>salferdez</createdBy>
<createdTime>2024-12-17 11:42:38 UTC</createdTime>
<ownerDesignName>Project</ownerDesignName>
<importedID>E9B1351E-9318-8445-98DB-83D0B27DCA51</importedID>
<engineerTo>
<item key="626FDD21-BC69-6B0C-3886-5F3249B554C9" value="true"/>
</engineerTo>
<nullsAllowed>true</nullsAllowed>
<useDomainConstraints>false</useDomainConstraints>
<use>1</use>
<logicalDatatype>LOGDT007</logicalDatatype>
<ownDataTypeParameters>,,</ownDataTypeParameters>
</Attribute>
</attributes>
<identifiers itemClass="oracle.dbtools.crest.model.design.logical.CandidateKey">
<identifier id="C53A3828-BDE5-47B2-CF3D-99358502C1D8" name="Assets PK">
<createdBy>salferdez</createdBy>
<createdTime>2024-12-17 11:42:38 UTC</createdTime>
<ownerDesignName>Project</ownerDesignName>
<importedID>40811A8E-49A8-1220-0F8D-F2B619F751E3</importedID>
<engineerTo>
<item key="626FDD21-BC69-6B0C-3886-5F3249B554C9" value="true"/>
</engineerTo>
<pk>true</pk>
<usedAttributes>
<attributeRef>14FAFC03-FB41-69AE-A0C8-0A91E5035D39</attributeRef>
</usedAttributes>
</identifier>
</identifiers>
</Entity>