<?xml version = '1.0' encoding = 'UTF-8'?>
<Diagram class="oracle.dbtools.crest.swingui.relational.DPVRelational" name="Relational_1(2)" id="FEC4411A-DD25-C309-317A-1FFE816D4595">
<createdBy>salferdez</createdBy>
<modifiedBy>salferdez</modifiedBy>
<createdTime>2024-12-17 11:42:38 UTC</createdTime>
<autoRoute>false</autoRoute>
<boxInbox>true</boxInbox>
<showLegend>false</showLegend>
<showLabels>false</showLabels>
<showRelAttributes>false</showRelAttributes>
<gridEnabled>false</gridEnabled>
<showGrid>false</showGrid>
<diagramColor>-1</diagramColor>
<display>false</display>
<notation>1</notation>
<objectViews>
<OView class="oracle.dbtools.crest.swingui.relational.TVTable" oid="006CAF9D-8E35-5339-20EA-8EF0DBD54B3E" otype="Table" vid="D4AA5293-015B-B83B-C99B-73E9E6A41E51">
<hideElementsInCurrentOnly>false</hideElementsInCurrentOnly>
<bounds x="340" y="630" width="170" height="110"/>
</OView>
<OView class="oracle.dbtools.crest.swingui.relational.TVTable" oid="098282AF-2C1A-A479-C8AB-D9E9CDF2C1F1" otype="Table" vid="5A58AE69-6DBC-3AC4-579C-AB8A7719F925">
<hideElementsInCurrentOnly>false</hideElementsInCurrentOnly>
<bounds x="310" y="570" width="170" height="110"/>
</OView>
<OView class="oracle.dbtools.crest.swingui.relational.TVTable" oid="3853D2DA-45E3-79FB-8771-E84948A018EB" otype="Table" vid="D9C7B11B-7678-5931-417E-FED99002F474">
<hideElementsInCurrentOnly>false</hideElementsInCurrentOnly>
<bounds x="416" y="330" width="170" height="110"/>
</OView>
<OView class="oracle.dbtools.crest.swingui.relational.TVTable" oid="56D68833-AF12-5C32-9CD9-980975234479" otype="Table" vid="A642E9E3-95A1-39D2-0717-F72DFABE148B">
<hideElementsInCurrentOnly>false</hideElementsInCurrentOnly>
<bounds x="280" y="510" width="170" height="110"/>
</OView>
<OView class="oracle.dbtools.crest.swingui.relational.TVTable" oid="6F337854-8A98-1DFA-CAB0-4F74AAD8FEC7" otype="Table" vid="49BFA345-DA00-E314-9CBA-290614F97E5D">
<hideElementsInCurrentOnly>false</hideElementsInCurrentOnly>
<bounds x="39" y="384" width="174" height="80"/>
</OView>
<OView class="oracle.dbtools.crest.swingui.relational.TVTable" oid="825DC32D-C24A-CBEB-B6FC-76D867F62876" otype="Table" vid="1ECB3ADE-1BFC-EA06-6D0F-D47458A4CF43">
<hideElementsInCurrentOnly>false</hideElementsInCurrentOnly>
<bounds x="912" y="45" width="172" height="219"/>
</OView>
<OView class="oracle.dbtools.crest.swingui.relational.TVTable" oid="89F4259C-71BF-0379-084F-42EB33EA0E42" otype="Table" vid="3DAD327E-92CD-1A52-0BED-92A9C4CEB94C">
<hideElementsInCurrentOnly>false</hideElementsInCurrentOnly>
<bounds x="531" y="10" width="170" height="110"/>
</OView>
<OView class="oracle.dbtools.crest.swingui.relational.TVTable" oid="B5224470-17E7-1DDB-CC77-9246F84FD636" otype="Table" vid="2FBB360D-69AD-8844-BD40-1ADA7FE2D2F9">
<hideElementsInCurrentOnly>false</hideElementsInCurrentOnly>
<bounds x="220" y="390" width="170" height="110"/>
</OView>
<OView class="oracle.dbtools.crest.swingui.relational.TVTable" oid="C6424AC2-FEFB-E340-F8F0-FDD4364C9578" otype="Table" vid="35BB8D27-3668-61DF-1439-4D3147565CA9">
<hideElementsInCurrentOnly>false</hideElementsInCurrentOnly>
<bounds x="771" y="470" width="287" height="227"/>
</OView>
<OView class="oracle.dbtools.crest.swingui.relational.TVTable" oid="CDE53A2C-1306-1120-EFD6-7BA3B5F5709E" otype="Table" vid="18DF708C-32DB-72B0-7C4F-059C6333E2C8">
<hideElementsInCurrentOnly>false</hideElementsInCurrentOnly>
<bounds x="791" y="548" width="111" height="112"/>
</OView>
<OView class="oracle.dbtools.crest.swingui.relational.TVTable" oid="D1BF781A-AD6A-BA77-AEF0-0BCD3CBC2B4E" otype="Table" vid="4D29C474-43E5-9987-4D83-A5199DB1F5E0">
<hideElementsInCurrentOnly>false</hideElementsInCurrentOnly>
<bounds x="937" y="556" width="111" height="84"/>
</OView>
<OView class="oracle.dbtools.crest.swingui.relational.TVTable" oid="E9199060-0444-5399-ABBE-B304A9B6EBAA" otype="Table" vid="0E16DAE8-1CCB-11CE-53F6-AD560921F044">
<hideElementsInCurrentOnly>false</hideElementsInCurrentOnly>
<bounds x="1185" y="89" width="207" height="214"/>
</OView>
<OView class="oracle.dbtools.crest.swingui.relational.TVTable" oid="EB1BF707-DE7B-5F12-A72E-79696F7C2936" otype="Table" vid="1F0BE17D-5467-9B90-7A16-89E49737CA58">
<hideElementsInCurrentOnly>false</hideElementsInCurrentOnly>
<bounds x="84" y="61" width="170" height="139"/>
</OView>
<OView class="oracle.dbtools.crest.swingui.relational.TVTable" oid="F3CB9E37-3B26-3FBC-786E-D6B93F71C732" otype="Table" vid="F7E10D55-7BEE-CB59-E6BA-EE3E8AEC04B0">
<hideElementsInCurrentOnly>false</hideElementsInCurrentOnly>
<bounds x="370" y="690" width="170" height="110"/>
</OView>
</objectViews>
<connectors>
<Connector class="oracle.dbtools.crest.swingui.relational.TVFKRelation" oid="121C673C-3921-18AA-A650-78CA35A75933" otype="FKIndexAssociation" vid_source="3DAD327E-92CD-1A52-0BED-92A9C4CEB94C" vid_target="1ECB3ADE-1BFC-EA06-6D0F-D47458A4CF43">
<hideElementsInCurrentOnly>false</hideElementsInCurrentOnly>
<backgroundColor>-16777216</backgroundColor>
<lineWidth>1</lineWidth>
<points>
<point x="701" y="82"/>
<point x="912" y="82"/>
</points>
</Connector>
<Connector class="oracle.dbtools.crest.swingui.relational.TVFKRelation" oid="15816721-2BFA-4D48-E155-A80C585979EC" otype="FKIndexAssociation" vid_source="4D29C474-43E5-9987-4D83-A5199DB1F5E0" vid_target="1ECB3ADE-1BFC-EA06-6D0F-D47458A4CF43">
<hideElementsInCurrentOnly>false</hideElementsInCurrentOnly>
<backgroundColor>-16777216</backgroundColor>
<lineWidth>1</lineWidth>
<points>
<point x="1007" y="556"/>
<point x="1007" y="264"/>
</points>
</Connector>
<Connector class="oracle.dbtools.crest.swingui.relational.TVFKRelation" oid="17874D70-60F4-38C6-249C-539DBA4D66B7" otype="FKIndexAssociation" vid_source="1ECB3ADE-1BFC-EA06-6D0F-D47458A4CF43" vid_target="35BB8D27-3668-61DF-1439-4D3147565CA9">
<hideElementsInCurrentOnly>false</hideElementsInCurrentOnly>
<backgroundColor>-16777216</backgroundColor>
<lineWidth>1</lineWidth>
<points>
<point x="985" y="264"/>
<point x="985" y="470"/>
</points>
</Connector>
<Connector class="oracle.dbtools.crest.swingui.relational.TVFKRelation" oid="1E5EEA22-CE0F-E6A5-9470-89C83A2E2CB7" otype="FKIndexAssociation" vid_source="3DAD327E-92CD-1A52-0BED-92A9C4CEB94C" vid_target="5A58AE69-6DBC-3AC4-579C-AB8A7719F925">
<hideElementsInCurrentOnly>false</hideElementsInCurrentOnly>
<backgroundColor>-16777216</backgroundColor>
<lineWidth>1</lineWidth>
<points>
<point x="594" y="120"/>
<point x="416" y="570"/>
</points>
</Connector>
<Connector class="oracle.dbtools.crest.swingui.relational.TVFKRelation" oid="2E24585F-7844-CA65-C1E9-2395FFCF48BC" otype="FKIndexAssociation" vid_source="1ECB3ADE-1BFC-EA06-6D0F-D47458A4CF43" vid_target="2FBB360D-69AD-8844-BD40-1ADA7FE2D2F9">
<hideElementsInCurrentOnly>false</hideElementsInCurrentOnly>
<backgroundColor>-16777216</backgroundColor>
<lineWidth>1</lineWidth>
<points>
<point x="912" y="190"/>
<point x="390" y="409"/>
</points>
</Connector>
<Connector class="oracle.dbtools.crest.swingui.relational.TVFKRelation" oid="3C7291AF-C676-69A4-0C7A-78F978362F10" otype="FKIndexAssociation" vid_source="35BB8D27-3668-61DF-1439-4D3147565CA9" vid_target="4D29C474-43E5-9987-4D83-A5199DB1F5E0">
<hideElementsInCurrentOnly>false</hideElementsInCurrentOnly>
<backgroundColor>-16777216</backgroundColor>
<lineWidth>1</lineWidth>
<points>
<point x="1058" y="583"/>
<point x="937" y="583"/>
</points>
</Connector>
<Connector class="oracle.dbtools.crest.swingui.relational.TVFKRelation" oid="4476502B-E062-2E49-EFCF-76DF64CA5632" otype="FKIndexAssociation" vid_source="1ECB3ADE-1BFC-EA06-6D0F-D47458A4CF43" vid_target="0E16DAE8-1CCB-11CE-53F6-AD560921F044">
<hideElementsInCurrentOnly>false</hideElementsInCurrentOnly>
<backgroundColor>-16777216</backgroundColor>
<lineWidth>1</lineWidth>
<points>
<point x="1084" y="176"/>
<point x="1185" y="176"/>
</points>
</Connector>
<Connector class="oracle.dbtools.crest.swingui.relational.TVFKRelation" oid="48EA04E8-A930-2EFA-C431-35A7EEDE5814" otype="FKIndexAssociation" vid_source="35BB8D27-3668-61DF-1439-4D3147565CA9" vid_target="18DF708C-32DB-72B0-7C4F-059C6333E2C8">
<hideElementsInCurrentOnly>false</hideElementsInCurrentOnly>
<backgroundColor>-16777216</backgroundColor>
<lineWidth>1</lineWidth>
<points>
<point x="1058" y="634"/>
<point x="791" y="634"/>
</points>
</Connector>
<Connector class="oracle.dbtools.crest.swingui.relational.TVFKRelation" oid="5976348C-9341-7CB5-7549-EB7B6FCE8BBF" otype="FKIndexAssociation" vid_source="1F0BE17D-5467-9B90-7A16-89E49737CA58" vid_target="A642E9E3-95A1-39D2-0717-F72DFABE148B">
<hideElementsInCurrentOnly>false</hideElementsInCurrentOnly>
<backgroundColor>-16777216</backgroundColor>
<lineWidth>1</lineWidth>
<points>
<point x="200" y="200"/>
<point x="340" y="510"/>
</points>
</Connector>
<Connector class="oracle.dbtools.crest.swingui.relational.TVFKRelation" oid="5A6CBDCE-6AE9-50A8-3FFF-EDC5F19D9413" otype="FKIndexAssociation" vid_source="0E16DAE8-1CCB-11CE-53F6-AD560921F044" vid_target="1ECB3ADE-1BFC-EA06-6D0F-D47458A4CF43">
<hideElementsInCurrentOnly>false</hideElementsInCurrentOnly>
<backgroundColor>-16777216</backgroundColor>
<lineWidth>1</lineWidth>
<points>
<point x="1185" y="176"/>
<point x="1084" y="176"/>
</points>
</Connector>
<Connector class="oracle.dbtools.crest.swingui.relational.TVFKRelation" oid="654DEF13-4315-2FFB-7AEC-04AAFE586F40" otype="FKIndexAssociation" vid_source="1ECB3ADE-1BFC-EA06-6D0F-D47458A4CF43" vid_target="3DAD327E-92CD-1A52-0BED-92A9C4CEB94C">
<hideElementsInCurrentOnly>false</hideElementsInCurrentOnly>
<backgroundColor>-16777216</backgroundColor>
<lineWidth>1</lineWidth>
<points>
<point x="912" y="82"/>
<point x="701" y="82"/>
</points>
</Connector>
<Connector class="oracle.dbtools.crest.swingui.relational.TVFKRelation" oid="940F6C0C-FB34-D661-7072-427A0F9B5ECA" otype="FKIndexAssociation" vid_source="D9C7B11B-7678-5931-417E-FED99002F474" vid_target="A642E9E3-95A1-39D2-0717-F72DFABE148B">
<hideElementsInCurrentOnly>false</hideElementsInCurrentOnly>
<backgroundColor>-16777216</backgroundColor>
<lineWidth>1</lineWidth>
<points>
<point x="433" y="440"/>
<point x="433" y="510"/>
</points>
</Connector>
<Connector class="oracle.dbtools.crest.swingui.relational.TVFKRelation" oid="9C6AA9A8-6F16-8981-026D-149B24BD84EA" otype="FKIndexAssociation" vid_source="1ECB3ADE-1BFC-EA06-6D0F-D47458A4CF43" vid_target="1F0BE17D-5467-9B90-7A16-89E49737CA58">
<hideElementsInCurrentOnly>false</hideElementsInCurrentOnly>
<backgroundColor>-16777216</backgroundColor>
<lineWidth>1</lineWidth>
<points>
<point x="912" y="130"/>
<point x="254" y="145"/>
</points>
</Connector>
<Connector class="oracle.dbtools.crest.swingui.relational.TVFKRelation" oid="9E50E393-D2CE-BDFD-D20B-7B428EA16E38" otype="FKIndexAssociation" vid_source="1F0BE17D-5467-9B90-7A16-89E49737CA58" vid_target="F7E10D55-7BEE-CB59-E6BA-EE3E8AEC04B0">
<hideElementsInCurrentOnly>false</hideElementsInCurrentOnly>
<backgroundColor>-16777216</backgroundColor>
<lineWidth>1</lineWidth>
<points>
<point x="201" y="200"/>
<point x="444" y="690"/>
</points>
</Connector>
<Connector class="oracle.dbtools.crest.swingui.relational.TVFKRelation" oid="A928A16C-835F-4631-D14C-E0D971D8FACE" otype="FKIndexAssociation" vid_source="49BFA345-DA00-E314-9CBA-290614F97E5D" vid_target="D4AA5293-015B-B83B-C99B-73E9E6A41E51">
<hideElementsInCurrentOnly>false</hideElementsInCurrentOnly>
<backgroundColor>-16777216</backgroundColor>
<lineWidth>1</lineWidth>
<points>
<point x="171" y="464"/>
<point x="361" y="630"/>
</points>
</Connector>
<Connector class="oracle.dbtools.crest.swingui.relational.TVFKRelation" oid="A9BC9CBF-7D38-F67D-343B-E9E563A24D6F" otype="FKIndexAssociation" vid_source="D9C7B11B-7678-5931-417E-FED99002F474" vid_target="2FBB360D-69AD-8844-BD40-1ADA7FE2D2F9">
<hideElementsInCurrentOnly>false</hideElementsInCurrentOnly>
<backgroundColor>-16777216</backgroundColor>
<lineWidth>1</lineWidth>
<points>
<point x="416" y="430"/>
<point x="390" y="430"/>
</points>
</Connector>
<Connector class="oracle.dbtools.crest.swingui.relational.TVFKRelation" oid="AAD018EB-7A8A-AA4F-72F7-8D07FB5137D2" otype="FKIndexAssociation" vid_source="1ECB3ADE-1BFC-EA06-6D0F-D47458A4CF43" vid_target="4D29C474-43E5-9987-4D83-A5199DB1F5E0">
<hideElementsInCurrentOnly>false</hideElementsInCurrentOnly>
<backgroundColor>-16777216</backgroundColor>
<lineWidth>1</lineWidth>
<points>
<point x="1007" y="264"/>
<point x="1007" y="556"/>
</points>
</Connector>
<Connector class="oracle.dbtools.crest.swingui.relational.TVFKRelation" oid="BF36C0FF-59EC-B09D-E8A7-17DB9719F265" otype="FKIndexAssociation" vid_source="1F0BE17D-5467-9B90-7A16-89E49737CA58" vid_target="D4AA5293-015B-B83B-C99B-73E9E6A41E51">
<hideElementsInCurrentOnly>false</hideElementsInCurrentOnly>
<backgroundColor>-16777216</backgroundColor>
<lineWidth>1</lineWidth>
<points>
<point x="201" y="200"/>
<point x="399" y="630"/>
</points>
</Connector>
<Connector class="oracle.dbtools.crest.swingui.relational.TVFKRelation" oid="C5FD2766-D292-A9AD-058A-C5A0F68EC549" otype="FKIndexAssociation" vid_source="35BB8D27-3668-61DF-1439-4D3147565CA9" vid_target="18DF708C-32DB-72B0-7C4F-059C6333E2C8">
<hideElementsInCurrentOnly>false</hideElementsInCurrentOnly>
<backgroundColor>-16777216</backgroundColor>
<lineWidth>1</lineWidth>
<points>
<point x="1058" y="619"/>
<point x="791" y="619"/>
</points>
</Connector>
<Connector class="oracle.dbtools.crest.swingui.relational.TVFKRelation" oid="CB19436D-ADDF-304A-B163-C145D704EADF" otype="FKIndexAssociation" vid_source="35BB8D27-3668-61DF-1439-4D3147565CA9" vid_target="4D29C474-43E5-9987-4D83-A5199DB1F5E0">
<hideElementsInCurrentOnly>false</hideElementsInCurrentOnly>
<backgroundColor>-16777216</backgroundColor>
<lineWidth>1</lineWidth>
<points>
<point x="1058" y="598"/>
<point x="937" y="598"/>
</points>
</Connector>
<Connector class="oracle.dbtools.crest.swingui.relational.TVFKRelation" oid="D69C1573-3395-A913-B79B-AB0598991570" otype="FKIndexAssociation" vid_source="1F0BE17D-5467-9B90-7A16-89E49737CA58" vid_target="F7E10D55-7BEE-CB59-E6BA-EE3E8AEC04B0">
<hideElementsInCurrentOnly>false</hideElementsInCurrentOnly>
<backgroundColor>-16777216</backgroundColor>
<lineWidth>1</lineWidth>
<points>
<point x="201" y="200"/>
<point x="429" y="690"/>
</points>
</Connector>
<Connector class="oracle.dbtools.crest.swingui.relational.TVFKRelation" oid="F77EF82E-873F-D97A-F365-62BCB67E3D8C" otype="FKIndexAssociation" vid_source="1F0BE17D-5467-9B90-7A16-89E49737CA58" vid_target="5A58AE69-6DBC-3AC4-579C-AB8A7719F925">
<hideElementsInCurrentOnly>false</hideElementsInCurrentOnly>
<backgroundColor>-16777216</backgroundColor>
<lineWidth>1</lineWidth>
<points>
<point x="200" y="200"/>
<point x="369" y="570"/>
</points>
</Connector>
</connectors>
<arcs>
<Arc class="oracle.dbtools.crest.swingui.relational.TVFKArc" oid="9C2C55AD-CA5E-DC70-C64C-75992B31503C" otype="FKArc" vid="2A200303-DFFF-2517-4F1A-B2607A37CE53">
<hideElementsInCurrentOnly>false</hideElementsInCurrentOnly>
<bounds x="751" y="450" width="327" height="267"/>
</Arc>
<Arc class="oracle.dbtools.crest.swingui.relational.TVFKArc" oid="D23C816D-8142-F4B6-CF5E-5A150421DA57" otype="FKArc" vid="3EC5EDB2-C69D-8234-E6AD-8C7593BE3464">
<hideElementsInCurrentOnly>false</hideElementsInCurrentOnly>
<bounds x="731" y="430" width="367" height="307"/>
</Arc>
</arcs>
</Diagram>