<?xml version = '1.0' encoding = 'UTF-8'?>
<Table class="oracle.dbtools.crest.model.design.relational.Table" directorySegmentName="seg_0" id="006CAF9D-8E35-5339-20EA-8EF0DBD54B3E" name="product_category">
<createdBy>salferdez</createdBy>
<createdTime>2024-12-17 11:42:38 UTC</createdTime>
<ownerDesignName>Project</ownerDesignName>
<importedID>131C70CC-CA4E-1C81-3A35-356E694EEC1E</importedID>
<allowColumnReorder>false</allowColumnReorder>
<existDependencyGenerateInDDl>true</existDependencyGenerateInDDl>
<parsed>true</parsed>
<columns itemClass="oracle.dbtools.crest.model.design.relational.Column">
<Column name="Product_Name" id="2AB3C102-2E98-0793-9257-AFF488C5C037">
<createdBy>salferdez</createdBy>
<createdTime>2024-12-17 11:42:38 UTC</createdTime>
<ownerDesignName>Project</ownerDesignName>
<importedID>6F03F4AF-9F93-19ED-D41C-E33E11BF6BA1</importedID>
<use>0</use>
<ownDataTypeParameters>,,</ownDataTypeParameters>
<autoIncrementCycle>false</autoIncrementCycle>
<associations>
<colAssociation fkAssociation="BF36C0FF-59EC-B09D-E8A7-17DB9719F265" referredColumn="5949734B-E339-47C1-779C-0254C73C68DB"/>
</associations>
</Column>
<Column name="Category_ID" id="A8C7C3B1-2595-D317-16F9-93D995F82803">
<createdBy>salferdez</createdBy>
<createdTime>2024-12-17 11:42:38 UTC</createdTime>
<ownerDesignName>Project</ownerDesignName>
<importedID>3AEEBE89-C7FB-03A4-A84D-79AC77312822</importedID>
<use>0</use>
<ownDataTypeParameters>,,</ownDataTypeParameters>
<autoIncrementCycle>false</autoIncrementCycle>
<associations>
<colAssociation fkAssociation="A928A16C-835F-4631-D14C-E0D971D8FACE" referredColumn="2A250A34-6079-C231-0511-C5056A2F60A0"/>
</associations>
</Column>
</columns>
<indexes itemClass="oracle.dbtools.crest.model.design.relational.Index">
<ind_PK_UK id="09A9F2A4-0583-564A-A74E-47C398ABB7ED" name="product_category_PK">
<createdBy>salferdez</createdBy>
<createdTime>2024-12-17 11:42:38 UTC</createdTime>
<ownerDesignName>Project</ownerDesignName>
<importedID>987E2E10-4414-10F8-4175-04045E386012</importedID>
<pk>true</pk>
<indexState>Primary Constraint</indexState>
<isSurrogateKey>false</isSurrogateKey>
<indexColumnUsage>
<colUsage columnID="2AB3C102-2E98-0793-9257-AFF488C5C037"/>
<colUsage columnID="A8C7C3B1-2595-D317-16F9-93D995F82803"/>
</indexColumnUsage>
</ind_PK_UK>
<ind_PK_UK id="780F6699-50D1-2FA3-5262-DBE5D8DE759C" name="product_category_Product_FK">
<createdBy>salferdez</createdBy>
<createdTime>2024-12-17 11:42:38 UTC</createdTime>
<generatorID>D8E41144-4C62-5EA7-788F-DD21A0986562</generatorID>
<ownerDesignName>Project</ownerDesignName>
<indexState>Foreign Key</indexState>
<isSurrogateKey>false</isSurrogateKey>
<indexColumnUsage>
<colUsage columnID="2AB3C102-2E98-0793-9257-AFF488C5C037"/>
</indexColumnUsage>
</ind_PK_UK>
<ind_PK_UK id="6C93BA6A-2FD4-0212-426A-F5EC1C69E1E6" name="product_category_Category_FK">
<createdBy>salferdez</createdBy>
<createdTime>2024-12-17 11:42:38 UTC</createdTime>
<generatorID>D8E41144-4C62-5EA7-788F-DD21A0986562</generatorID>
<ownerDesignName>Project</ownerDesignName>
<indexState>Foreign Key</indexState>
<isSurrogateKey>false</isSurrogateKey>
<indexColumnUsage>
<colUsage columnID="A8C7C3B1-2595-D317-16F9-93D995F82803"/>
</indexColumnUsage>
</ind_PK_UK>
</indexes>
</Table>