<?xml version = '1.0' encoding = 'UTF-8'?>
<Table class="oracle.dbtools.crest.model.design.relational.Table" directorySegmentName="seg_0" id="098282AF-2C1A-A479-C8AB-D9E9CDF2C1F1" name="product_attribute">
<createdBy>salferdez</createdBy>
<createdTime>2024-12-17 11:42:38 UTC</createdTime>
<ownerDesignName>Project</ownerDesignName>
<importedID>68F7CEC1-C600-9F9D-425D-14C2E55C3C85</importedID>
<allowColumnReorder>false</allowColumnReorder>
<existDependencyGenerateInDDl>true</existDependencyGenerateInDDl>
<parsed>true</parsed>
<columns itemClass="oracle.dbtools.crest.model.design.relational.Column">
<Column name="Attribute_Name" id="BB041AC1-5BD2-05A3-A4FD-6EC1E52A2641">
<createdBy>salferdez</createdBy>
<createdTime>2024-12-17 11:42:38 UTC</createdTime>
<ownerDesignName>Project</ownerDesignName>
<importedID>59A56A5B-DAD5-4A1F-0812-82364FF43832</importedID>
<use>0</use>
<ownDataTypeParameters>,,</ownDataTypeParameters>
<autoIncrementCycle>false</autoIncrementCycle>
<associations>
<colAssociation fkAssociation="1E5EEA22-CE0F-E6A5-9470-89C83A2E2CB7" referredColumn="F182F801-181C-326E-2AD0-9336AE2FCE9B"/>
</associations>
</Column>
<Column name="Product_Name" id="28D9C917-620C-BE2A-C9A6-5D9FEEC09EAE">
<createdBy>salferdez</createdBy>
<createdTime>2024-12-17 11:42:38 UTC</createdTime>
<ownerDesignName>Project</ownerDesignName>
<importedID>770EA77E-CD07-3011-2D9E-B8B5D85D9C57</importedID>
<use>0</use>
<ownDataTypeParameters>,,</ownDataTypeParameters>
<autoIncrementCycle>false</autoIncrementCycle>
<associations>
<colAssociation fkAssociation="F77EF82E-873F-D97A-F365-62BCB67E3D8C" referredColumn="5949734B-E339-47C1-779C-0254C73C68DB"/>
</associations>
</Column>
</columns>
<indexes itemClass="oracle.dbtools.crest.model.design.relational.Index">
<ind_PK_UK id="2D60A4EC-42B5-7D05-C1E7-DCDE1DA678C7" name="product_attribute_PK">
<createdBy>salferdez</createdBy>
<createdTime>2024-12-17 11:42:38 UTC</createdTime>
<ownerDesignName>Project</ownerDesignName>
<importedID>267B5C93-2446-922A-865A-C58F57D5E22B</importedID>
<pk>true</pk>
<indexState>Primary Constraint</indexState>
<isSurrogateKey>false</isSurrogateKey>
<indexColumnUsage>
<colUsage columnID="BB041AC1-5BD2-05A3-A4FD-6EC1E52A2641"/>
<colUsage columnID="28D9C917-620C-BE2A-C9A6-5D9FEEC09EAE"/>
</indexColumnUsage>
</ind_PK_UK>
<ind_PK_UK id="B99BB0A8-E60E-19B9-3D19-1EEDC31B0A9A" name="product_attribute_Attribute_FK">
<createdBy>salferdez</createdBy>
<createdTime>2024-12-17 11:42:38 UTC</createdTime>
<generatorID>86E5A7D0-6BEE-2438-458E-D56986DCEC56</generatorID>
<ownerDesignName>Project</ownerDesignName>
<indexState>Foreign Key</indexState>
<isSurrogateKey>false</isSurrogateKey>
<indexColumnUsage>
<colUsage columnID="BB041AC1-5BD2-05A3-A4FD-6EC1E52A2641"/>
</indexColumnUsage>
</ind_PK_UK>
<ind_PK_UK id="7790C58C-9DDA-5AF3-5DA8-651ED499754A" name="product_attribute_Product_FK">
<createdBy>salferdez</createdBy>
<createdTime>2024-12-17 11:42:38 UTC</createdTime>
<generatorID>86E5A7D0-6BEE-2438-458E-D56986DCEC56</generatorID>
<ownerDesignName>Project</ownerDesignName>
<indexState>Foreign Key</indexState>
<isSurrogateKey>false</isSurrogateKey>
<indexColumnUsage>
<colUsage columnID="28D9C917-620C-BE2A-C9A6-5D9FEEC09EAE"/>
</indexColumnUsage>
</ind_PK_UK>
</indexes>
</Table>