<?xml version = '1.0' encoding = 'UTF-8'?>
<Table class="oracle.dbtools.crest.model.design.relational.Table" directorySegmentName="seg_0" id="3853D2DA-45E3-79FB-8771-E84948A018EB" name="Asset">
<createdBy>salferdez</createdBy>
<createdTime>2024-12-17 11:42:38 UTC</createdTime>
<generatorID>F34C7727-DCFB-CC3A-0B12-CB4A6AA732C8</generatorID>
<ownerDesignName>Project</ownerDesignName>
<importedID>FAB50709-A2D0-921A-37F4-8603B375E881</importedID>
<allowColumnReorder>false</allowColumnReorder>
<existDependencyGenerateInDDl>true</existDependencyGenerateInDDl>
<parsed>true</parsed>
<columns itemClass="oracle.dbtools.crest.model.design.relational.Column">
<Column name="Type_Asset" id="6D3E967A-E77C-B821-80AC-9C1C57F911F2">
<createdBy>salferdez</createdBy>
<createdTime>2024-12-17 11:42:38 UTC</createdTime>
<generatorID>14FAFC03-FB41-69AE-A0C8-0A91E5035D39</generatorID>
<ownerDesignName>Project</ownerDesignName>
<importedID>66269229-AD69-1C96-43C3-93F8E62E4F76</importedID>
<useDomainConstraints>false</useDomainConstraints>
<use>1</use>
<logicalDatatype>LOGDT024</logicalDatatype>
<dataTypeSize>5 BYTE</dataTypeSize>
<ownDataTypeParameters>5 BYTE,,</ownDataTypeParameters>
<autoIncrementCycle>false</autoIncrementCycle>
</Column>
<Column name="Name" id="DFB7BB34-A83E-9C5A-560E-E82714F91DE4">
<createdBy>salferdez</createdBy>
<createdTime>2024-12-17 11:42:38 UTC</createdTime>
<generatorID>B1F41AF8-E877-6BC8-1731-E0D7F3806766</generatorID>
<ownerDesignName>Project</ownerDesignName>
<importedID>2BC316E9-FE87-9074-7AED-3972E5913A10</importedID>
<useDomainConstraints>false</useDomainConstraints>
<use>1</use>
<logicalDatatype>LOGDT024</logicalDatatype>
<dataTypeSize>15 BYTE</dataTypeSize>
<ownDataTypeParameters>15 BYTE,,</ownDataTypeParameters>
<autoIncrementCycle>false</autoIncrementCycle>
</Column>
<Column name="Date" id="0156B979-07BE-0AA3-3EBC-E631CD6A0FB2">
<createdBy>salferdez</createdBy>
<createdTime>2024-12-17 11:42:38 UTC</createdTime>
<generatorID>B5BEE55C-32A3-0A2E-52A1-C378A3A8A4B6</generatorID>
<ownerDesignName>Project</ownerDesignName>
<importedID>F2B92215-A901-22D4-214A-41E34F5BA65A</importedID>
<nullsAllowed>true</nullsAllowed>
<useDomainConstraints>false</useDomainConstraints>
<use>1</use>
<logicalDatatype>LOGDT007</logicalDatatype>
<ownDataTypeParameters>,,</ownDataTypeParameters>
<autoIncrementCycle>false</autoIncrementCycle>
</Column>
</columns>
<indexes itemClass="oracle.dbtools.crest.model.design.relational.Index">
<ind_PK_UK id="0174B49F-73A0-56C9-E0BA-66859DD7FEBB" name="Asset_PK">
<createdBy>salferdez</createdBy>
<createdTime>2024-12-17 11:42:38 UTC</createdTime>
<generatorID>C53A3828-BDE5-47B2-CF3D-99358502C1D8</generatorID>
<ownerDesignName>Project</ownerDesignName>
<importedID>06D9DD83-EA27-B47B-151B-C99B365FBFE1</importedID>
<pk>true</pk>
<indexState>Primary Constraint</indexState>
<isSurrogateKey>false</isSurrogateKey>
<indexColumnUsage>
<colUsage columnID="6D3E967A-E77C-B821-80AC-9C1C57F911F2"/>
</indexColumnUsage>
</ind_PK_UK>
</indexes>
</Table>