<?xml version = '1.0' encoding = 'UTF-8'?>
<Table class="oracle.dbtools.crest.model.design.relational.Table" directorySegmentName="seg_0" id="56D68833-AF12-5C32-9CD9-980975234479" name="product_asset">
<createdBy>salferdez</createdBy>
<createdTime>2024-12-17 11:42:38 UTC</createdTime>
<ownerDesignName>Project</ownerDesignName>
<importedID>F88E2E85-8545-980A-2667-68CB822C24A2</importedID>
<allowColumnReorder>false</allowColumnReorder>
<existDependencyGenerateInDDl>true</existDependencyGenerateInDDl>
<parsed>true</parsed>
<columns itemClass="oracle.dbtools.crest.model.design.relational.Column">
<Column name="Product_Name" id="8E7295FC-C07B-4A7C-2880-4CAD0739DBF3">
<createdBy>salferdez</createdBy>
<createdTime>2024-12-17 11:42:38 UTC</createdTime>
<ownerDesignName>Project</ownerDesignName>
<importedID>782A9F8A-C51D-5282-9D37-BBADE64DD073</importedID>
<use>0</use>
<ownDataTypeParameters>,,</ownDataTypeParameters>
<autoIncrementCycle>false</autoIncrementCycle>
<associations>
<colAssociation fkAssociation="5976348C-9341-7CB5-7549-EB7B6FCE8BBF" referredColumn="5949734B-E339-47C1-779C-0254C73C68DB"/>
</associations>
</Column>
<Column name="Asset_Type_Asset" id="2E37E667-98B1-3DAE-351E-42A0B583F7ED">
<createdBy>salferdez</createdBy>
<createdTime>2024-12-17 11:42:38 UTC</createdTime>
<ownerDesignName>Project</ownerDesignName>
<importedID>76D1C320-D505-DB59-4D9B-2123891A6EC5</importedID>
<use>0</use>
<ownDataTypeParameters>,,</ownDataTypeParameters>
<autoIncrementCycle>false</autoIncrementCycle>
<associations>
<colAssociation fkAssociation="940F6C0C-FB34-D661-7072-427A0F9B5ECA" referredColumn="6D3E967A-E77C-B821-80AC-9C1C57F911F2"/>
</associations>
</Column>
</columns>
<indexes itemClass="oracle.dbtools.crest.model.design.relational.Index">
<ind_PK_UK id="A015BE1F-222D-7797-9D51-363B65EF6A14" name="product_asset_PK">
<createdBy>salferdez</createdBy>
<createdTime>2024-12-17 11:42:38 UTC</createdTime>
<ownerDesignName>Project</ownerDesignName>
<importedID>44354C5F-6137-92E3-EC28-052CBC294912</importedID>
<pk>true</pk>
<indexState>Primary Constraint</indexState>
<isSurrogateKey>false</isSurrogateKey>
<indexColumnUsage>
<colUsage columnID="8E7295FC-C07B-4A7C-2880-4CAD0739DBF3"/>
<colUsage columnID="2E37E667-98B1-3DAE-351E-42A0B583F7ED"/>
</indexColumnUsage>
</ind_PK_UK>
<ind_PK_UK id="F3B69315-1219-D2C0-6262-4762EA09D296" name="product_asset_Asset_FK">
<createdBy>salferdez</createdBy>
<createdTime>2024-12-17 11:42:38 UTC</createdTime>
<generatorID>6ED79230-685F-E3F6-D93B-EA255A5942D1</generatorID>
<ownerDesignName>Project</ownerDesignName>
<indexState>Foreign Key</indexState>
<isSurrogateKey>false</isSurrogateKey>
<indexColumnUsage>
<colUsage columnID="2E37E667-98B1-3DAE-351E-42A0B583F7ED"/>
</indexColumnUsage>
</ind_PK_UK>
<ind_PK_UK id="1D238C82-AC20-2619-449B-8D12D19624CB" name="product_asset_Product_FK">
<createdBy>salferdez</createdBy>
<createdTime>2024-12-17 11:42:38 UTC</createdTime>
<generatorID>6ED79230-685F-E3F6-D93B-EA255A5942D1</generatorID>
<ownerDesignName>Project</ownerDesignName>
<indexState>Foreign Key</indexState>
<isSurrogateKey>false</isSurrogateKey>
<indexColumnUsage>
<colUsage columnID="8E7295FC-C07B-4A7C-2880-4CAD0739DBF3"/>
</indexColumnUsage>
</ind_PK_UK>
</indexes>
</Table>