<?xml version = '1.0' encoding = 'UTF-8'?>
<Table class="oracle.dbtools.crest.model.design.relational.Table" directorySegmentName="seg_0" id="6F337854-8A98-1DFA-CAB0-4F74AAD8FEC7" name="Category">
<createdBy>salferdez</createdBy>
<createdTime>2024-12-17 11:42:38 UTC</createdTime>
<generatorID>549928A9-75DD-D8EB-9932-6D93AA18C76B</generatorID>
<ownerDesignName>Project</ownerDesignName>
<importedID>38138008-7244-7704-C29F-1625DA670F2B</importedID>
<allowColumnReorder>false</allowColumnReorder>
<existDependencyGenerateInDDl>true</existDependencyGenerateInDDl>
<parsed>true</parsed>
<columns itemClass="oracle.dbtools.crest.model.design.relational.Column">
<Column name="ID" id="2A250A34-6079-C231-0511-C5056A2F60A0">
<createdBy>salferdez</createdBy>
<createdTime>2024-12-17 11:42:38 UTC</createdTime>
<generatorID>FF4AB7ED-BC5A-4D17-A67E-0971AA2AE1A9</generatorID>
<ownerDesignName>Project</ownerDesignName>
<importedID>A54FE1E2-00A8-4627-476B-8E401B101133</importedID>
<useDomainConstraints>false</useDomainConstraints>
<use>1</use>
<logicalDatatype>LOGDT011</logicalDatatype>
<ownDataTypeParameters>,,</ownDataTypeParameters>
<autoIncrementCycle>false</autoIncrementCycle>
</Column>
<Column name="Category_Name" id="D73F33A9-333C-F8A3-D3F3-77805E1DED74">
<createdBy>salferdez</createdBy>
<createdTime>2024-12-17 11:42:38 UTC</createdTime>
<generatorID>5BAADCD3-643C-E212-8894-85023059D5B3</generatorID>
<ownerDesignName>Project</ownerDesignName>
<importedID>CC3B9B1A-C4A2-97B4-35B4-583E03838AB1</importedID>
<nullsAllowed>true</nullsAllowed>
<useDomainConstraints>false</useDomainConstraints>
<use>1</use>
<logicalDatatype>LOGDT024</logicalDatatype>
<dataTypeSize>10 BYTE</dataTypeSize>
<ownDataTypeParameters>10 BYTE,,</ownDataTypeParameters>
<autoIncrementCycle>false</autoIncrementCycle>
</Column>
</columns>
<indexes itemClass="oracle.dbtools.crest.model.design.relational.Index">
<ind_PK_UK id="C40BDE31-F491-C477-A7E0-37C32F4FD3CE" name="Category_PK">
<createdBy>salferdez</createdBy>
<createdTime>2024-12-17 11:42:38 UTC</createdTime>
<generatorID>343050A1-75F3-F167-9749-A605C9EF141C</generatorID>
<ownerDesignName>Project</ownerDesignName>
<importedID>46D70ADD-6752-B740-8961-40FFE1512956</importedID>
<pk>true</pk>
<indexState>Primary Constraint</indexState>
<isSurrogateKey>false</isSurrogateKey>
<indexColumnUsage>
<colUsage columnID="2A250A34-6079-C231-0511-C5056A2F60A0"/>
</indexColumnUsage>
</ind_PK_UK>
</indexes>
</Table>