<?xml version = '1.0' encoding = 'UTF-8'?>
<Table class="oracle.dbtools.crest.model.design.relational.Table" directorySegmentName="seg_0" id="825DC32D-C24A-CBEB-B6FC-76D867F62876" name="Account">
<createdBy>salferdez</createdBy>
<createdTime>2024-12-17 11:42:38 UTC</createdTime>
<generatorID>334EEDAF-8B62-4124-1251-5D4F0DB6EE34</generatorID>
<ownerDesignName>Project</ownerDesignName>
<importedID>A15778E3-0AD0-8D95-7C30-838A9313CA11</importedID>
<allowColumnReorder>false</allowColumnReorder>
<existDependencyGenerateInDDl>true</existDependencyGenerateInDDl>
<parsed>true</parsed>
<columns itemClass="oracle.dbtools.crest.model.design.relational.Column">
<Column name="Name_account" id="3DC27063-029B-8E7F-2693-124FB5A902ED">
<createdBy>salferdez</createdBy>
<createdTime>2024-12-17 11:42:38 UTC</createdTime>
<generatorID>E0B93745-6DE3-0F86-0DB3-310F9288C3C0</generatorID>
<ownerDesignName>Project</ownerDesignName>
<importedID>1D5F2590-2759-EBB0-D032-5F56BF88DBA8</importedID>
<useDomainConstraints>false</useDomainConstraints>
<use>1</use>
<logicalDatatype>LOGDT024</logicalDatatype>
<dataTypeSize>15 BYTE</dataTypeSize>
<ownDataTypeParameters>15 BYTE,,</ownDataTypeParameters>
<autoIncrementCycle>false</autoIncrementCycle>
</Column>
<Column name="Plan_Type" id="968AA925-CF2F-07CC-1209-0A706FBD01FA">
<createdBy>salferdez</createdBy>
<createdTime>2024-12-17 11:42:38 UTC</createdTime>
<generatorID>6F9E453A-02EF-2810-8706-35E8121D5ED0</generatorID>
<ownerDesignName>Project</ownerDesignName>
<importedID>20287AA6-B212-55C0-2B35-A2102C79E916</importedID>
<nullsAllowed>true</nullsAllowed>
<useDomainConstraints>false</useDomainConstraints>
<use>1</use>
<logicalDatatype>LOGDT011</logicalDatatype>
<ownDataTypeParameters>,,</ownDataTypeParameters>
<autoIncrementCycle>false</autoIncrementCycle>
</Column>
<Column name="Logo" id="DC856FAC-1304-DDFD-9C95-A23283180BDC">
<createdBy>salferdez</createdBy>
<createdTime>2024-12-17 11:42:38 UTC</createdTime>
<generatorID>43BC3674-83A9-3C6D-9348-5D4E8CEA77FE</generatorID>
<ownerDesignName>Project</ownerDesignName>
<importedID>3BF134B2-8C91-87AE-C037-32F4B98A56F6</importedID>
<nullsAllowed>true</nullsAllowed>
<useDomainConstraints>false</useDomainConstraints>
<use>1</use>
<logicalDatatype>LOGDT029</logicalDatatype>
<ownDataTypeParameters>,,</ownDataTypeParameters>
<autoIncrementCycle>false</autoIncrementCycle>
</Column>
<Column name="Creation_Date" id="650E4811-6CD7-2F37-7153-318E42D0B4F8">
<createdBy>salferdez</createdBy>
<createdTime>2024-12-17 11:42:38 UTC</createdTime>
<generatorID>B4983D43-6A49-4705-D2B3-29C6D7F107AD</generatorID>
<ownerDesignName>Project</ownerDesignName>
<importedID>FF4CD95A-A885-F886-FFD5-5CE8CF2A5F38</importedID>
<useDomainConstraints>false</useDomainConstraints>
<use>1</use>
<logicalDatatype>LOGDT007</logicalDatatype>
<ownDataTypeParameters>,,</ownDataTypeParameters>
<autoIncrementCycle>false</autoIncrementCycle>
</Column>
<Column name="#_Attributes" id="D0F34667-1B3A-9372-4981-B612CD494E25">
<createdBy>salferdez</createdBy>
<createdTime>2024-12-17 11:42:38 UTC</createdTime>
<generatorID>D46E202E-126C-8889-8993-B89D00066D99</generatorID>
<ownerDesignName>Project</ownerDesignName>
<importedID>1D638D06-FFEF-010D-61AB-29FB4E3C7616</importedID>
<useDomainConstraints>false</useDomainConstraints>
<use>1</use>
<logicalDatatype>LOGDT011</logicalDatatype>
<ownDataTypeParameters>,,</ownDataTypeParameters>
<autoIncrementCycle>false</autoIncrementCycle>
</Column>
<Column name="Payment_Method" id="E8988731-50EF-F62A-A19A-62A91A1E5911">
<createdBy>salferdez</createdBy>
<createdTime>2024-12-17 11:42:38 UTC</createdTime>
<generatorID>A3E0BAF9-03AA-BC78-806A-891A7F6931A1</generatorID>
<ownerDesignName>Project</ownerDesignName>
<importedID>7BA9854D-12CD-579F-88F0-54D2E689A4FA</importedID>
<useDomainConstraints>false</useDomainConstraints>
<use>1</use>
<logicalDatatype>LOGDT024</logicalDatatype>
<dataTypeSize>20 BYTE</dataTypeSize>
<ownDataTypeParameters>20 BYTE,,</ownDataTypeParameters>
<autoIncrementCycle>false</autoIncrementCycle>
</Column>
<Column name="Owner_Email" id="52EAD3C2-ED19-C075-30EA-7CDA9DE78F4A">
<createdBy>salferdez</createdBy>
<createdTime>2024-12-17 11:42:38 UTC</createdTime>
<generatorID>585960EA-5A9B-4F93-26D1-1E5D3368BF28</generatorID>
<ownerDesignName>Project</ownerDesignName>
<importedID>30172BDE-75C7-0DED-099F-F1A3B304C3FF</importedID>
<useDomainConstraints>false</useDomainConstraints>
<use>1</use>
<logicalDatatype>LOGDT024</logicalDatatype>
<dataTypeSize>15 BYTE</dataTypeSize>
<ownDataTypeParameters>15 BYTE,,</ownDataTypeParameters>
<autoIncrementCycle>false</autoIncrementCycle>
<associations>
<colAssociation fkAssociation="15816721-2BFA-4D48-E155-A80C585979EC" referredColumn="9E1E2BD1-16D1-F880-6348-C5A574CD6C91"/>
</associations>
</Column>
<Column name="Payment_Plan_Type" id="59922E3E-CBD2-1EC1-D929-713D81CFFF49">
<createdBy>salferdez</createdBy>
<createdTime>2024-12-17 11:42:38 UTC</createdTime>
<generatorID>DA7390F4-2C7B-7C21-3920-D891B29C5942</generatorID>
<ownerDesignName>Project</ownerDesignName>
<importedID>5180F332-444C-ABA2-012F-821A50EDBB70</importedID>
<useDomainConstraints>false</useDomainConstraints>
<use>1</use>
<logicalDatatype>LOGDT011</logicalDatatype>
<ownDataTypeParameters>,,</ownDataTypeParameters>
<autoIncrementCycle>false</autoIncrementCycle>
<associations>
<colAssociation fkAssociation="5A6CBDCE-6AE9-50A8-3FFF-EDC5F19D9413" referredColumn="ACDCDE0F-2A5B-6892-4160-C595B8491408"/>
</associations>
</Column>
<Column name="Attribute_Name" id="0DAA0F91-3C73-3112-96AC-243231B88301">
<createdBy>salferdez</createdBy>
<createdTime>2024-12-17 11:42:38 UTC</createdTime>
<generatorID>3E82D71B-314D-58BB-15FC-0E16FB2546BC</generatorID>
<ownerDesignName>Project</ownerDesignName>
<importedID>89C8B9A1-A722-F84C-15B0-88DA9AF1E79A</importedID>
<useDomainConstraints>false</useDomainConstraints>
<use>1</use>
<logicalDatatype>LOGDT024</logicalDatatype>
<dataTypeSize>15 BYTE</dataTypeSize>
<ownDataTypeParameters>,,</ownDataTypeParameters>
<autoIncrementCycle>false</autoIncrementCycle>
<associations>
<colAssociation fkAssociation="121C673C-3921-18AA-A650-78CA35A75933" referredColumn="F182F801-181C-326E-2AD0-9336AE2FCE9B"/>
</associations>
</Column>
</columns>
<indexes itemClass="oracle.dbtools.crest.model.design.relational.Index">
<ind_PK_UK id="6B1F7D73-D318-4B79-BA6D-A010BA6DA77E" name="Account_PK">
<createdBy>salferdez</createdBy>
<createdTime>2024-12-17 11:42:38 UTC</createdTime>
<generatorID>4C5F43A7-82E9-E6A9-379F-3112F7BB77DA</generatorID>
<ownerDesignName>Project</ownerDesignName>
<importedID>7514DF02-19B6-2CDD-3944-09A763A1C427</importedID>
<pk>true</pk>
<indexState>Primary Constraint</indexState>
<isSurrogateKey>false</isSurrogateKey>
<indexColumnUsage>
<colUsage columnID="3DC27063-029B-8E7F-2693-124FB5A902ED"/>
<colUsage columnID="59922E3E-CBD2-1EC1-D929-713D81CFFF49"/>
</indexColumnUsage>
</ind_PK_UK>
<ind_PK_UK id="63573E1D-9A97-9534-DDB7-86A155702A02" name="Account__IDX">
<createdBy>salferdez</createdBy>
<createdTime>2024-12-17 11:42:38 UTC</createdTime>
<ownerDesignName>Project</ownerDesignName>
<importedID>C977A0F7-EF09-E86B-71B4-DD727F3A779C</importedID>
<indexState>Unique Plain Index</indexState>
<isSurrogateKey>false</isSurrogateKey>
<indexColumnUsage>
<colUsage columnID="52EAD3C2-ED19-C075-30EA-7CDA9DE78F4A"/>
</indexColumnUsage>
</ind_PK_UK>
<ind_PK_UK id="B0735826-264D-62F3-D76C-A050AC96A558" name="Account__IDXv1">
<createdBy>salferdez</createdBy>
<createdTime>2024-12-17 11:42:38 UTC</createdTime>
<ownerDesignName>Project</ownerDesignName>
<importedID>CD1F599F-BCD0-189B-48E5-08F6F751F83E</importedID>
<indexState>Unique Plain Index</indexState>
<isSurrogateKey>false</isSurrogateKey>
<indexColumnUsage>
<colUsage columnID="59922E3E-CBD2-1EC1-D929-713D81CFFF49"/>
</indexColumnUsage>
</ind_PK_UK>
<ind_PK_UK id="F4D11652-BCAE-1BFB-B95B-28C7A1D36577" name="Account__IDXv2">
<createdBy>salferdez</createdBy>
<createdTime>2024-12-17 11:42:38 UTC</createdTime>
<ownerDesignName>Project</ownerDesignName>
<importedID>95FF0EE3-DBFB-D1F5-A912-50AEE8D6EAA1</importedID>
<indexState>Unique Plain Index</indexState>
<isSurrogateKey>false</isSurrogateKey>
<indexColumnUsage>
<colUsage columnID="0DAA0F91-3C73-3112-96AC-243231B88301"/>
</indexColumnUsage>
</ind_PK_UK>
<ind_PK_UK id="B06037FF-628F-B3EA-54F3-DCA21A6E69ED" name="Account_Owner_FK">
<createdBy>salferdez</createdBy>
<createdTime>2024-12-17 12:09:42 UTC</createdTime>
<generatorID>6624CBFE-DDFA-F343-A9B8-BCF90DC3C945</generatorID>
<ownerDesignName>Project</ownerDesignName>
<indexState>Foreign Key</indexState>
<isSurrogateKey>false</isSurrogateKey>
<indexColumnUsage>
<colUsage columnID="52EAD3C2-ED19-C075-30EA-7CDA9DE78F4A"/>
</indexColumnUsage>
</ind_PK_UK>
<ind_PK_UK id="53FE374B-376A-A79D-1883-9F1D201F8069" name="Account_Payment_Plan_FK">
<createdBy>salferdez</createdBy>
<createdTime>2024-12-17 12:09:42 UTC</createdTime>
<generatorID>1E556178-2775-6FA6-92A8-921843B5A144</generatorID>
<ownerDesignName>Project</ownerDesignName>
<indexState>Foreign Key</indexState>
<isSurrogateKey>false</isSurrogateKey>
<indexColumnUsage>
<colUsage columnID="59922E3E-CBD2-1EC1-D929-713D81CFFF49"/>
</indexColumnUsage>
</ind_PK_UK>
<ind_PK_UK id="27CBEEB9-DDE4-C997-D543-E3897D399C16" name="Account_Attribute_FK">
<createdBy>salferdez</createdBy>
<createdTime>2024-12-17 12:09:42 UTC</createdTime>
<generatorID>208E2CAA-54EF-6C44-9EF8-8A659BB9D974</generatorID>
<ownerDesignName>Project</ownerDesignName>
<indexState>Foreign Key</indexState>
<isSurrogateKey>false</isSurrogateKey>
<indexColumnUsage>
<colUsage columnID="0DAA0F91-3C73-3112-96AC-243231B88301"/>
</indexColumnUsage>
</ind_PK_UK>
</indexes>
</Table>