<?xml version = '1.0' encoding = 'UTF-8'?>
<Table class="oracle.dbtools.crest.model.design.relational.Table" directorySegmentName="seg_0" id="89F4259C-71BF-0379-084F-42EB33EA0E42" name="Attribute">
<createdBy>salferdez</createdBy>
<createdTime>2024-12-17 11:42:38 UTC</createdTime>
<generatorID>A4CB186F-BAE6-CEC4-E9C4-E8AE88DC26DF</generatorID>
<ownerDesignName>Project</ownerDesignName>
<importedID>87BAB71A-B2F8-C502-156B-9449259656B1</importedID>
<allowColumnReorder>false</allowColumnReorder>
<existDependencyGenerateInDDl>true</existDependencyGenerateInDDl>
<parsed>true</parsed>
<columns itemClass="oracle.dbtools.crest.model.design.relational.Column">
<Column name="Name" id="F182F801-181C-326E-2AD0-9336AE2FCE9B">
<createdBy>salferdez</createdBy>
<createdTime>2024-12-17 11:42:38 UTC</createdTime>
<generatorID>4DFBFDE8-920A-EFD7-BB52-DB118CB3767A</generatorID>
<ownerDesignName>Project</ownerDesignName>
<importedID>BD408DE8-BD5A-72D6-76B7-68459A9C8940</importedID>
<useDomainConstraints>false</useDomainConstraints>
<use>1</use>
<logicalDatatype>LOGDT024</logicalDatatype>
<dataTypeSize>15 BYTE</dataTypeSize>
<ownDataTypeParameters>15 BYTE,,</ownDataTypeParameters>
<autoIncrementCycle>false</autoIncrementCycle>
</Column>
<Column name="Type_Attribute" id="A7019208-58F9-5B36-CA30-2340A5D0E934">
<createdBy>salferdez</createdBy>
<createdTime>2024-12-17 11:42:38 UTC</createdTime>
<generatorID>862374B7-D9EF-3C3F-8F7E-789936BA6BDA</generatorID>
<ownerDesignName>Project</ownerDesignName>
<importedID>4EE514A6-0354-7A38-6C15-B57795F9A18B</importedID>
<nullsAllowed>true</nullsAllowed>
<useDomainConstraints>false</useDomainConstraints>
<use>1</use>
<logicalDatatype>LOGDT024</logicalDatatype>
<dataTypeSize>10 BYTE</dataTypeSize>
<ownDataTypeParameters>10 BYTE,,</ownDataTypeParameters>
<autoIncrementCycle>false</autoIncrementCycle>
</Column>
<Column name="Account_Name_account" id="423F8B85-5234-D592-BA96-DBA4DC557F7C">
<createdBy>salferdez</createdBy>
<createdTime>2024-12-17 11:42:38 UTC</createdTime>
<generatorID>904D5ACD-D9EA-B073-D871-43ECC0B4ABB0</generatorID>
<ownerDesignName>Project</ownerDesignName>
<importedID>4DC56215-FC9E-EFA1-D8E2-993D633F8802</importedID>
<useDomainConstraints>false</useDomainConstraints>
<use>1</use>
<logicalDatatype>LOGDT024</logicalDatatype>
<dataTypeSize>15 BYTE</dataTypeSize>
<ownDataTypeParameters>,,</ownDataTypeParameters>
<autoIncrementCycle>false</autoIncrementCycle>
<associations>
<colAssociation fkAssociation="654DEF13-4315-2FFB-7AEC-04AAFE586F40" referredColumn="3DC27063-029B-8E7F-2693-124FB5A902ED"/>
</associations>
</Column>
<Column name="Account_Payment_Plan_Type" id="A9BE14D9-7916-FB57-0C3D-AEB255A965A1">
<createdBy>salferdez</createdBy>
<createdTime>2024-12-17 11:42:38 UTC</createdTime>
<generatorID>63482605-EA2D-2D00-313C-E65E688804A1</generatorID>
<ownerDesignName>Project</ownerDesignName>
<importedID>45E7BA01-B164-5F93-8C19-711B16DA654C</importedID>
<useDomainConstraints>false</useDomainConstraints>
<use>1</use>
<logicalDatatype>LOGDT011</logicalDatatype>
<ownDataTypeParameters>,,</ownDataTypeParameters>
<autoIncrementCycle>false</autoIncrementCycle>
<associations>
<colAssociation fkAssociation="654DEF13-4315-2FFB-7AEC-04AAFE586F40" referredColumn="59922E3E-CBD2-1EC1-D929-713D81CFFF49"/>
</associations>
</Column>
</columns>
<indexes itemClass="oracle.dbtools.crest.model.design.relational.Index">
<ind_PK_UK id="1A7ABF64-48D2-BD39-39E5-53C94DCF3290" name="Attribute_PK">
<createdBy>salferdez</createdBy>
<createdTime>2024-12-17 11:42:38 UTC</createdTime>
<generatorID>1DDC5EE9-B7AE-C6E2-DC25-3AF8A0157E2F</generatorID>
<ownerDesignName>Project</ownerDesignName>
<importedID>DD1F453E-7752-5788-1307-E5535ACC4285</importedID>
<pk>true</pk>
<indexState>Primary Constraint</indexState>
<isSurrogateKey>false</isSurrogateKey>
<indexColumnUsage>
<colUsage columnID="F182F801-181C-326E-2AD0-9336AE2FCE9B"/>
</indexColumnUsage>
</ind_PK_UK>
<ind_PK_UK id="3924C763-8462-DE82-147D-AF4FB0FCDC70" name="Attribute__IDX">
<createdBy>salferdez</createdBy>
<createdTime>2024-12-17 11:42:38 UTC</createdTime>
<ownerDesignName>Project</ownerDesignName>
<importedID>6D3A9E0B-A760-A9CB-8177-269C1011EB3C</importedID>
<indexState>Unique Plain Index</indexState>
<isSurrogateKey>false</isSurrogateKey>
<indexColumnUsage>
<colUsage columnID="423F8B85-5234-D592-BA96-DBA4DC557F7C"/>
<colUsage columnID="A9BE14D9-7916-FB57-0C3D-AEB255A965A1"/>
</indexColumnUsage>
</ind_PK_UK>
<ind_PK_UK id="7669DAB8-44A2-EB34-1E77-C5A3D009B272" name="Attribute_Account_FK">
<createdBy>salferdez</createdBy>
<createdTime>2024-12-17 12:09:42 UTC</createdTime>
<generatorID>208E2CAA-54EF-6C44-9EF8-8A659BB9D974</generatorID>
<ownerDesignName>Project</ownerDesignName>
<indexState>Foreign Key</indexState>
<isSurrogateKey>false</isSurrogateKey>
<indexColumnUsage>
<colUsage columnID="423F8B85-5234-D592-BA96-DBA4DC557F7C"/>
<colUsage columnID="A9BE14D9-7916-FB57-0C3D-AEB255A965A1"/>
</indexColumnUsage>
</ind_PK_UK>
</indexes>
</Table>