<?xml version = '1.0' encoding = 'UTF-8'?>
<Table class="oracle.dbtools.crest.model.design.relational.Table" directorySegmentName="seg_0" id="B5224470-17E7-1DDB-CC77-9246F84FD636" name="asset_account">
<createdBy>salferdez</createdBy>
<createdTime>2024-12-17 11:42:38 UTC</createdTime>
<ownerDesignName>Project</ownerDesignName>
<importedID>8BDD3C58-6572-839F-5898-1AADBF8FD9A7</importedID>
<allowColumnReorder>false</allowColumnReorder>
<existDependencyGenerateInDDl>true</existDependencyGenerateInDDl>
<parsed>true</parsed>
<columns itemClass="oracle.dbtools.crest.model.design.relational.Column">
<Column name="Account_Name_account" id="29AE1ED1-F30D-FD5D-42F1-A8F485F3EED4">
<createdBy>salferdez</createdBy>
<createdTime>2024-12-17 11:42:38 UTC</createdTime>
<ownerDesignName>Project</ownerDesignName>
<importedID>A1FFE66E-A35E-D8DB-638F-042530BC1283</importedID>
<use>0</use>
<ownDataTypeParameters>,,</ownDataTypeParameters>
<autoIncrementCycle>false</autoIncrementCycle>
<associations>
<colAssociation fkAssociation="2E24585F-7844-CA65-C1E9-2395FFCF48BC" referredColumn="3DC27063-029B-8E7F-2693-124FB5A902ED"/>
</associations>
</Column>
<Column name="Account_Payment_Plan_Type" id="9A8559EB-5AED-ACD6-1AC4-8456D6E449A7">
<createdBy>salferdez</createdBy>
<createdTime>2024-12-17 11:42:38 UTC</createdTime>
<ownerDesignName>Project</ownerDesignName>
<importedID>410E7758-882F-D2B0-887E-07D1FAC47C1D</importedID>
<use>0</use>
<ownDataTypeParameters>,,</ownDataTypeParameters>
<autoIncrementCycle>false</autoIncrementCycle>
<associations>
<colAssociation fkAssociation="2E24585F-7844-CA65-C1E9-2395FFCF48BC" referredColumn="59922E3E-CBD2-1EC1-D929-713D81CFFF49"/>
</associations>
</Column>
<Column name="Asset_Type_Asset" id="4634135D-49B3-0BB9-D1F5-08B92CFBC372">
<createdBy>salferdez</createdBy>
<createdTime>2024-12-17 11:42:38 UTC</createdTime>
<ownerDesignName>Project</ownerDesignName>
<importedID>6EBCFD86-FBD3-5EEB-7D33-78FD8B2C25B0</importedID>
<use>0</use>
<ownDataTypeParameters>,,</ownDataTypeParameters>
<autoIncrementCycle>false</autoIncrementCycle>
<associations>
<colAssociation fkAssociation="A9BC9CBF-7D38-F67D-343B-E9E563A24D6F" referredColumn="6D3E967A-E77C-B821-80AC-9C1C57F911F2"/>
</associations>
</Column>
</columns>
<indexes itemClass="oracle.dbtools.crest.model.design.relational.Index">
<ind_PK_UK id="9F180F76-A917-57AF-C286-7BECE4C9CCFA" name="asset_account_PK">
<createdBy>salferdez</createdBy>
<createdTime>2024-12-17 11:42:38 UTC</createdTime>
<ownerDesignName>Project</ownerDesignName>
<importedID>B80D7FAD-9F6F-A97E-56DB-60BF603A5039</importedID>
<pk>true</pk>
<indexState>Primary Constraint</indexState>
<isSurrogateKey>false</isSurrogateKey>
<indexColumnUsage>
<colUsage columnID="29AE1ED1-F30D-FD5D-42F1-A8F485F3EED4"/>
<colUsage columnID="9A8559EB-5AED-ACD6-1AC4-8456D6E449A7"/>
<colUsage columnID="4634135D-49B3-0BB9-D1F5-08B92CFBC372"/>
</indexColumnUsage>
</ind_PK_UK>
<ind_PK_UK id="43C6E5F1-4ED2-524D-BC3B-AEDBAB5B0497" name="asset_account_Account_FK">
<createdBy>salferdez</createdBy>
<createdTime>2024-12-17 11:42:38 UTC</createdTime>
<generatorID>ED1D7E17-0179-A2DA-F172-2C7C7EBCC468</generatorID>
<ownerDesignName>Project</ownerDesignName>
<indexState>Foreign Key</indexState>
<isSurrogateKey>false</isSurrogateKey>
<indexColumnUsage>
<colUsage columnID="29AE1ED1-F30D-FD5D-42F1-A8F485F3EED4"/>
<colUsage columnID="9A8559EB-5AED-ACD6-1AC4-8456D6E449A7"/>
</indexColumnUsage>
</ind_PK_UK>
<ind_PK_UK id="44025BE0-F097-1A8E-A379-18015E3F08C2" name="asset_account_Asset_FK">
<createdBy>salferdez</createdBy>
<createdTime>2024-12-17 11:42:38 UTC</createdTime>
<generatorID>ED1D7E17-0179-A2DA-F172-2C7C7EBCC468</generatorID>
<ownerDesignName>Project</ownerDesignName>
<indexState>Foreign Key</indexState>
<isSurrogateKey>false</isSurrogateKey>
<indexColumnUsage>
<colUsage columnID="4634135D-49B3-0BB9-D1F5-08B92CFBC372"/>
</indexColumnUsage>
</ind_PK_UK>
</indexes>
</Table>