<?xml version = '1.0' encoding = 'UTF-8'?>
<Table class="oracle.dbtools.crest.model.design.relational.Table" directorySegmentName="seg_0" id="C6424AC2-FEFB-E340-F8F0-FDD4364C9578" name="User">
<createdBy>salferdez</createdBy>
<createdTime>2024-12-17 11:42:38 UTC</createdTime>
<generatorID>3FB2B27F-06C5-DAC7-4AC6-3D47CB87B14C</generatorID>
<ownerDesignName>Project</ownerDesignName>
<importedID>D5BA4DA9-735B-32EC-85AE-AC329F06316A</importedID>
<allowColumnReorder>false</allowColumnReorder>
<existDependencyGenerateInDDl>true</existDependencyGenerateInDDl>
<parsed>true</parsed>
<columns itemClass="oracle.dbtools.crest.model.design.relational.Column">
<Column name="Email" id="F1654610-2595-32B4-0D10-0BA6342FAB92">
<createdBy>salferdez</createdBy>
<createdTime>2024-12-17 11:42:38 UTC</createdTime>
<generatorID>FF56FC6F-007E-E633-E4DB-F229FFF816FB</generatorID>
<ownerDesignName>Project</ownerDesignName>
<importedID>4A55BD92-C06B-AECE-2C85-0F7EE9E6ECA2</importedID>
<useDomainConstraints>false</useDomainConstraints>
<use>1</use>
<logicalDatatype>LOGDT024</logicalDatatype>
<dataTypeSize>20 BYTE</dataTypeSize>
<ownDataTypeParameters>20 BYTE,,</ownDataTypeParameters>
<autoIncrementCycle>false</autoIncrementCycle>
</Column>
<Column name="Name" id="E4FC417A-5517-0460-4EF9-FEEF95EE5E27">
<createdBy>salferdez</createdBy>
<createdTime>2024-12-17 11:42:38 UTC</createdTime>
<generatorID>9ECA8897-1478-D4BD-24FE-434544C98A5F</generatorID>
<ownerDesignName>Project</ownerDesignName>
<importedID>AA077CE7-0E8D-3221-3F19-B695EDF2CC73</importedID>
<nullsAllowed>true</nullsAllowed>
<useDomainConstraints>false</useDomainConstraints>
<use>1</use>
<logicalDatatype>LOGDT024</logicalDatatype>
<dataTypeSize>20 BYTE</dataTypeSize>
<ownDataTypeParameters>20 BYTE,,</ownDataTypeParameters>
<autoIncrementCycle>false</autoIncrementCycle>
</Column>
<Column name="Account_Name_account" id="5BAD39F9-473D-A9BC-84A5-50FF26F99B65">
<createdBy>salferdez</createdBy>
<createdTime>2024-12-17 11:42:38 UTC</createdTime>
<generatorID>04082C89-A0D9-6E29-BF9F-1F31F9910C59</generatorID>
<ownerDesignName>Project</ownerDesignName>
<importedID>9D43C4FB-1705-C79D-7859-9F1742A94E9E</importedID>
<useDomainConstraints>false</useDomainConstraints>
<use>1</use>
<logicalDatatype>LOGDT024</logicalDatatype>
<dataTypeSize>15 BYTE</dataTypeSize>
<ownDataTypeParameters>,,</ownDataTypeParameters>
<autoIncrementCycle>false</autoIncrementCycle>
<associations>
<colAssociation fkAssociation="17874D70-60F4-38C6-249C-539DBA4D66B7" referredColumn="3DC27063-029B-8E7F-2693-124FB5A902ED"/>
</associations>
</Column>
<Column name="Account_Payment_Plan_Type" id="1C092235-9ABC-243A-ACB4-03BC794A2D49">
<createdBy>salferdez</createdBy>
<createdTime>2024-12-17 11:42:38 UTC</createdTime>
<generatorID>969E990B-63A1-F0C3-FE1B-285D9A06262B</generatorID>
<ownerDesignName>Project</ownerDesignName>
<importedID>4765861E-8D57-AFD1-0047-8F9B81D0FE3C</importedID>
<useDomainConstraints>false</useDomainConstraints>
<use>1</use>
<logicalDatatype>LOGDT011</logicalDatatype>
<ownDataTypeParameters>,,</ownDataTypeParameters>
<autoIncrementCycle>false</autoIncrementCycle>
<associations>
<colAssociation fkAssociation="17874D70-60F4-38C6-249C-539DBA4D66B7" referredColumn="59922E3E-CBD2-1EC1-D929-713D81CFFF49"/>
</associations>
</Column>
</columns>
<indexes itemClass="oracle.dbtools.crest.model.design.relational.Index">
<ind_PK_UK id="B0FA4697-8854-F3F1-DA45-288FF36EF1DA" name="User_PK">
<createdBy>salferdez</createdBy>
<createdTime>2024-12-17 11:42:38 UTC</createdTime>
<generatorID>25D219B9-F267-C1C9-3134-621DBC167FF5</generatorID>
<ownerDesignName>Project</ownerDesignName>
<importedID>7A75112F-B724-FAF2-E9AE-09AED3B1F56E</importedID>
<pk>true</pk>
<indexState>Primary Constraint</indexState>
<isSurrogateKey>false</isSurrogateKey>
<indexColumnUsage>
<colUsage columnID="F1654610-2595-32B4-0D10-0BA6342FAB92"/>
</indexColumnUsage>
</ind_PK_UK>
<ind_PK_UK id="E0CFDA0D-0919-A65D-3EF8-1C6C85A1D3EC" name="User_Account_FK">
<createdBy>salferdez</createdBy>
<createdTime>2024-12-17 11:42:38 UTC</createdTime>
<generatorID>BA433379-8E40-661B-B018-79184AF7C20F</generatorID>
<ownerDesignName>Project</ownerDesignName>
<indexState>Foreign Key</indexState>
<isSurrogateKey>false</isSurrogateKey>
<indexColumnUsage>
<colUsage columnID="5BAD39F9-473D-A9BC-84A5-50FF26F99B65"/>
<colUsage columnID="1C092235-9ABC-243A-ACB4-03BC794A2D49"/>
</indexColumnUsage>
</ind_PK_UK>
</indexes>
</Table>