<?xml version = '1.0' encoding = 'UTF-8'?>
<Table class="oracle.dbtools.crest.model.design.relational.Table" directorySegmentName="seg_0" id="CDE53A2C-1306-1120-EFD6-7BA3B5F5709E" name="Agente">
<createdBy>salferdez</createdBy>
<createdTime>2024-12-17 11:42:38 UTC</createdTime>
<generatorID>DC3D59D9-A46F-9503-5A18-63ADB019B461</generatorID>
<ownerDesignName>Project</ownerDesignName>
<importedID>94507888-5FDC-9FE0-E818-08CFDB5CDB35</importedID>
<allowColumnReorder>false</allowColumnReorder>
<existDependencyGenerateInDDl>true</existDependencyGenerateInDDl>
<parsed>true</parsed>
<columns itemClass="oracle.dbtools.crest.model.design.relational.Column">
<Column name="Email" id="8D14ACFC-FEE3-48A6-E091-D052ED18C4B1">
<createdBy>salferdez</createdBy>
<createdTime>2024-12-17 11:42:38 UTC</createdTime>
<generatorID>FF56FC6F-007E-E633-E4DB-F229FFF816FB</generatorID>
<ownerDesignName>Project</ownerDesignName>
<importedID>ACC3090C-1EAF-2DFC-37C9-6AE8C55C4499</importedID>
<useDomainConstraints>false</useDomainConstraints>
<use>1</use>
<logicalDatatype>LOGDT024</logicalDatatype>
<dataTypeSize>20 BYTE</dataTypeSize>
<ownDataTypeParameters>,,</ownDataTypeParameters>
<autoIncrementCycle>false</autoIncrementCycle>
<associations>
<colAssociation fkAssociation="C5FD2766-D292-A9AD-058A-C5A0F68EC549" referredColumn="F1654610-2595-32B4-0D10-0BA6342FAB92"/>
<colAssociation fkAssociation="48EA04E8-A930-2EFA-C431-35A7EEDE5814" referredColumn="F1654610-2595-32B4-0D10-0BA6342FAB92"/>
</associations>
</Column>
<Column name="Access_Owner" id="30C3D3FB-19FB-F545-BBA5-ABCC954F5149">
<createdBy>salferdez</createdBy>
<createdTime>2024-12-17 11:42:38 UTC</createdTime>
<generatorID>8F96CFEB-D941-C0E4-1121-A42D565079F1</generatorID>
<ownerDesignName>Project</ownerDesignName>
<importedID>B2622844-40A9-BC81-EB55-9100B2CAAD60</importedID>
<nullsAllowed>true</nullsAllowed>
<useDomainConstraints>false</useDomainConstraints>
<use>1</use>
<logicalDatatype>LOGDT024</logicalDatatype>
<dataTypeSize>20 BYTE</dataTypeSize>
<ownDataTypeParameters>20 BYTE,,</ownDataTypeParameters>
<autoIncrementCycle>false</autoIncrementCycle>
</Column>
</columns>
<indexes itemClass="oracle.dbtools.crest.model.design.relational.Index">
<ind_PK_UK id="90784C3D-13E1-8DBE-5E99-3C077A9C602E" name="Agente_PK">
<createdBy>salferdez</createdBy>
<createdTime>2024-12-17 11:42:38 UTC</createdTime>
<generatorID>25D219B9-F267-C1C9-3134-621DBC167FF5</generatorID>
<ownerDesignName>Project</ownerDesignName>
<importedID>0787B800-3F60-BBB1-E552-F1999B418789</importedID>
<pk>true</pk>
<indexState>Primary Constraint</indexState>
<isSurrogateKey>false</isSurrogateKey>
<indexColumnUsage>
<colUsage columnID="8D14ACFC-FEE3-48A6-E091-D052ED18C4B1"/>
</indexColumnUsage>
</ind_PK_UK>
<ind_PK_UK id="0A6234DE-8BF1-399E-2B86-801B9B1B9949" name="Agente_User_FK">
<createdBy>salferdez</createdBy>
<createdTime>2024-12-17 11:42:38 UTC</createdTime>
<generatorID>3CE669F4-8762-3C64-97A0-EC620A2D49E1</generatorID>
<ownerDesignName>Project</ownerDesignName>
<indexState>Foreign Key</indexState>
<isSurrogateKey>false</isSurrogateKey>
<indexColumnUsage>
<colUsage columnID="8D14ACFC-FEE3-48A6-E091-D052ED18C4B1"/>
</indexColumnUsage>
</ind_PK_UK>
<ind_PK_UK id="C5ED1BB7-7695-ECBB-0EFD-9BC5D1528D8E" name="Agente_User_FKv2">
<createdBy>salferdez</createdBy>
<createdTime>2024-12-17 12:07:41 UTC</createdTime>
<generatorID>3CE669F4-8762-3C64-97A0-EC620A2D49E1</generatorID>
<ownerDesignName>Project</ownerDesignName>
<indexState>Foreign Key</indexState>
<isSurrogateKey>false</isSurrogateKey>
<indexColumnUsage>
<colUsage columnID="8D14ACFC-FEE3-48A6-E091-D052ED18C4B1"/>
</indexColumnUsage>
</ind_PK_UK>
</indexes>
</Table>