<?xml version = '1.0' encoding = 'UTF-8'?>
<Table class="oracle.dbtools.crest.model.design.relational.Table" directorySegmentName="seg_0" id="D1BF781A-AD6A-BA77-AEF0-0BCD3CBC2B4E" name="Owner">
<createdBy>salferdez</createdBy>
<createdTime>2024-12-17 11:42:38 UTC</createdTime>
<generatorID>E0981E9E-05C2-AFD4-A445-66C59279332F</generatorID>
<ownerDesignName>Project</ownerDesignName>
<importedID>FBAD3567-0BDB-A0BD-88A1-56F3156B0B1E</importedID>
<allowColumnReorder>false</allowColumnReorder>
<existDependencyGenerateInDDl>true</existDependencyGenerateInDDl>
<parsed>true</parsed>
<columns itemClass="oracle.dbtools.crest.model.design.relational.Column">
<Column name="Email" id="9E1E2BD1-16D1-F880-6348-C5A574CD6C91">
<createdBy>salferdez</createdBy>
<createdTime>2024-12-17 11:42:38 UTC</createdTime>
<generatorID>FF56FC6F-007E-E633-E4DB-F229FFF816FB</generatorID>
<ownerDesignName>Project</ownerDesignName>
<importedID>015E28EE-C164-A4AE-B7CD-F6BAFD449DFF</importedID>
<useDomainConstraints>false</useDomainConstraints>
<use>1</use>
<logicalDatatype>LOGDT024</logicalDatatype>
<dataTypeSize>20 BYTE</dataTypeSize>
<ownDataTypeParameters>,,</ownDataTypeParameters>
<autoIncrementCycle>false</autoIncrementCycle>
<associations>
<colAssociation fkAssociation="CB19436D-ADDF-304A-B163-C145D704EADF" referredColumn="F1654610-2595-32B4-0D10-0BA6342FAB92"/>
<colAssociation fkAssociation="3C7291AF-C676-69A4-0C7A-78F978362F10" referredColumn="F1654610-2595-32B4-0D10-0BA6342FAB92"/>
</associations>
</Column>
<Column name="Payment_Access" id="49A068D2-0E87-32C8-DA5A-FE8BC0AE40C7">
<createdBy>salferdez</createdBy>
<createdTime>2024-12-17 11:42:38 UTC</createdTime>
<generatorID>B9B9125B-3B68-6F36-3963-C8EBD3F34879</generatorID>
<ownerDesignName>Project</ownerDesignName>
<importedID>02C89E67-B76F-F008-B7B1-BA5B4526DCF5</importedID>
<nullsAllowed>true</nullsAllowed>
<useDomainConstraints>false</useDomainConstraints>
<use>1</use>
<logicalDatatype>LOGDT024</logicalDatatype>
<dataTypeSize>20 BYTE</dataTypeSize>
<ownDataTypeParameters>20 BYTE,,</ownDataTypeParameters>
<autoIncrementCycle>false</autoIncrementCycle>
</Column>
<Column name="Account_Name_account" id="F4C700A2-EE92-BB1A-C187-613C1FCEF6D1">
<createdBy>salferdez</createdBy>
<createdTime>2024-12-17 11:42:38 UTC</createdTime>
<generatorID>75375426-1727-3263-5D2C-997E758AD814</generatorID>
<ownerDesignName>Project</ownerDesignName>
<importedID>3B7DD9D4-F4F2-3C2F-3E42-EBB1B98307B5</importedID>
<useDomainConstraints>false</useDomainConstraints>
<use>1</use>
<logicalDatatype>LOGDT024</logicalDatatype>
<dataTypeSize>15 BYTE</dataTypeSize>
<ownDataTypeParameters>,,</ownDataTypeParameters>
<autoIncrementCycle>false</autoIncrementCycle>
<associations>
<colAssociation fkAssociation="AAD018EB-7A8A-AA4F-72F7-8D07FB5137D2" referredColumn="3DC27063-029B-8E7F-2693-124FB5A902ED"/>
</associations>
</Column>
<Column name="Account_Type" id="19B367D4-67F5-1894-4DAD-E0FDE774FCFE">
<createdBy>salferdez</createdBy>
<createdTime>2024-12-17 11:42:38 UTC</createdTime>
<generatorID>65B4638F-89CE-CF81-285C-062CEB690084</generatorID>
<ownerDesignName>Project</ownerDesignName>
<importedID>BE8B6482-A4E5-F7B4-85A4-C728A5B463C1</importedID>
<useDomainConstraints>false</useDomainConstraints>
<use>1</use>
<logicalDatatype>LOGDT011</logicalDatatype>
<ownDataTypeParameters>,,</ownDataTypeParameters>
<autoIncrementCycle>false</autoIncrementCycle>
<associations>
<colAssociation fkAssociation="AAD018EB-7A8A-AA4F-72F7-8D07FB5137D2" referredColumn="59922E3E-CBD2-1EC1-D929-713D81CFFF49"/>
</associations>
</Column>
</columns>
<indexes itemClass="oracle.dbtools.crest.model.design.relational.Index">
<ind_PK_UK id="EA356F35-09E7-82FD-2425-EB57FCE5A502" name="Owner_PK">
<createdBy>salferdez</createdBy>
<createdTime>2024-12-17 11:42:38 UTC</createdTime>
<generatorID>25D219B9-F267-C1C9-3134-621DBC167FF5</generatorID>
<ownerDesignName>Project</ownerDesignName>
<importedID>8335271F-EFBD-1F08-0A66-B28BF8734E9D</importedID>
<pk>true</pk>
<indexState>Primary Constraint</indexState>
<isSurrogateKey>false</isSurrogateKey>
<indexColumnUsage>
<colUsage columnID="9E1E2BD1-16D1-F880-6348-C5A574CD6C91"/>
</indexColumnUsage>
</ind_PK_UK>
<ind_PK_UK id="845F71DC-D9EE-6ADC-5794-B87A4E411216" name="Owner__IDX">
<createdBy>salferdez</createdBy>
<createdTime>2024-12-17 11:42:38 UTC</createdTime>
<ownerDesignName>Project</ownerDesignName>
<importedID>C93B05A2-CADF-5887-10BE-5CD6F139A3F1</importedID>
<indexState>Unique Plain Index</indexState>
<isSurrogateKey>false</isSurrogateKey>
<indexColumnUsage>
<colUsage columnID="F4C700A2-EE92-BB1A-C187-613C1FCEF6D1"/>
<colUsage columnID="19B367D4-67F5-1894-4DAD-E0FDE774FCFE"/>
</indexColumnUsage>
</ind_PK_UK>
<ind_PK_UK id="CA6DBF04-C3CB-CC45-E6CF-CFF79AB5E989" name="Owner_User_FK">
<createdBy>salferdez</createdBy>
<createdTime>2024-12-17 11:42:38 UTC</createdTime>
<generatorID>F4C4DFCB-12C8-F478-3355-FF36881A90F2</generatorID>
<ownerDesignName>Project</ownerDesignName>
<indexState>Foreign Key</indexState>
<isSurrogateKey>false</isSurrogateKey>
<indexColumnUsage>
<colUsage columnID="9E1E2BD1-16D1-F880-6348-C5A574CD6C91"/>
</indexColumnUsage>
</ind_PK_UK>
<ind_PK_UK id="630CC076-5562-99B5-2CDC-03857C3C6DA0" name="Owner_User_FKv2">
<createdBy>salferdez</createdBy>
<createdTime>2024-12-17 12:07:41 UTC</createdTime>
<generatorID>F4C4DFCB-12C8-F478-3355-FF36881A90F2</generatorID>
<ownerDesignName>Project</ownerDesignName>
<indexState>Foreign Key</indexState>
<isSurrogateKey>false</isSurrogateKey>
<indexColumnUsage>
<colUsage columnID="9E1E2BD1-16D1-F880-6348-C5A574CD6C91"/>
</indexColumnUsage>
</ind_PK_UK>
<ind_PK_UK id="DCEE8C94-BC34-D441-CF7C-D7B58B6E8BA6" name="Owner_Account_FK">
<createdBy>salferdez</createdBy>
<createdTime>2024-12-17 12:09:42 UTC</createdTime>
<generatorID>6624CBFE-DDFA-F343-A9B8-BCF90DC3C945</generatorID>
<ownerDesignName>Project</ownerDesignName>
<indexState>Foreign Key</indexState>
<isSurrogateKey>false</isSurrogateKey>
<indexColumnUsage>
<colUsage columnID="F4C700A2-EE92-BB1A-C187-613C1FCEF6D1"/>
<colUsage columnID="19B367D4-67F5-1894-4DAD-E0FDE774FCFE"/>
</indexColumnUsage>
</ind_PK_UK>
</indexes>
</Table>