<?xml version = '1.0' encoding = 'UTF-8'?>
<Table class="oracle.dbtools.crest.model.design.relational.Table" directorySegmentName="seg_0" id="E9199060-0444-5399-ABBE-B304A9B6EBAA" name="Payment_Plan">
<createdBy>salferdez</createdBy>
<createdTime>2024-12-17 11:42:38 UTC</createdTime>
<generatorID>E551C4D8-68B5-D0F0-629A-1BF668D528D7</generatorID>
<ownerDesignName>Project</ownerDesignName>
<importedID>9D5D464F-284A-D183-B096-8638D432D46C</importedID>
<allowColumnReorder>false</allowColumnReorder>
<existDependencyGenerateInDDl>true</existDependencyGenerateInDDl>
<parsed>true</parsed>
<columns itemClass="oracle.dbtools.crest.model.design.relational.Column">
<Column name="Account_Name_account" id="FDF47154-0D85-292B-CA16-D955C9621E3A">
<createdBy>salferdez</createdBy>
<createdTime>2024-12-17 11:42:38 UTC</createdTime>
<generatorID>05608D9B-6E91-C7DF-48C9-F99F363FF81E</generatorID>
<ownerDesignName>Project</ownerDesignName>
<importedID>7E4B11FB-9907-9FB3-A561-7F53C39F27BD</importedID>
<useDomainConstraints>false</useDomainConstraints>
<use>1</use>
<logicalDatatype>LOGDT024</logicalDatatype>
<dataTypeSize>15 BYTE</dataTypeSize>
<ownDataTypeParameters>,,</ownDataTypeParameters>
<autoIncrementCycle>false</autoIncrementCycle>
<associations>
<colAssociation fkAssociation="4476502B-E062-2E49-EFCF-76DF64CA5632" referredColumn="3DC27063-029B-8E7F-2693-124FB5A902ED"/>
</associations>
</Column>
<Column name="Type" id="ACDCDE0F-2A5B-6892-4160-C595B8491408">
<createdBy>salferdez</createdBy>
<createdTime>2024-12-17 11:42:38 UTC</createdTime>
<generatorID>D28D507D-87A8-BAFB-C755-4C2A8FAB1F3A</generatorID>
<ownerDesignName>Project</ownerDesignName>
<importedID>57E3B3F5-A16C-9C7F-566B-35E7554848DB</importedID>
<useDomainConstraints>false</useDomainConstraints>
<use>1</use>
<logicalDatatype>LOGDT011</logicalDatatype>
<ownDataTypeParameters>,,</ownDataTypeParameters>
<autoIncrementCycle>false</autoIncrementCycle>
</Column>
<Column name="#_Products" id="75B30550-F5DF-8B3A-0AAE-BC026644CF77">
<createdBy>salferdez</createdBy>
<createdTime>2024-12-17 11:42:38 UTC</createdTime>
<generatorID>22B77183-4DA7-FF79-F99C-F33A2B8DB5DC</generatorID>
<ownerDesignName>Project</ownerDesignName>
<importedID>35BD2ED8-BE76-B634-1742-119AD245BA19</importedID>
<nullsAllowed>true</nullsAllowed>
<useDomainConstraints>false</useDomainConstraints>
<use>1</use>
<logicalDatatype>LOGDT011</logicalDatatype>
<ownDataTypeParameters>,,</ownDataTypeParameters>
<autoIncrementCycle>false</autoIncrementCycle>
</Column>
<Column name="#_Assets" id="719032C1-51A1-880C-8D93-35ED1AA4C133">
<createdBy>salferdez</createdBy>
<createdTime>2024-12-17 11:42:38 UTC</createdTime>
<generatorID>100CB9E2-0D8D-70DC-2F95-9E8496D89D1F</generatorID>
<ownerDesignName>Project</ownerDesignName>
<importedID>58657B90-BC11-D530-14AF-76208A1614A7</importedID>
<nullsAllowed>true</nullsAllowed>
<useDomainConstraints>false</useDomainConstraints>
<use>1</use>
<logicalDatatype>LOGDT011</logicalDatatype>
<ownDataTypeParameters>,,</ownDataTypeParameters>
<autoIncrementCycle>false</autoIncrementCycle>
</Column>
<Column name="Storage" id="A7247866-19C2-E173-0AF6-BD7FA171825F">
<createdBy>salferdez</createdBy>
<createdTime>2024-12-17 11:42:38 UTC</createdTime>
<generatorID>CECD1039-913F-0A29-5D89-E00DBB41C795</generatorID>
<ownerDesignName>Project</ownerDesignName>
<importedID>6FC684B3-2A8B-0617-2F3B-318786AEEA15</importedID>
<nullsAllowed>true</nullsAllowed>
<useDomainConstraints>false</useDomainConstraints>
<use>1</use>
<logicalDatatype>LOGDT024</logicalDatatype>
<dataTypeSize>5 BYTE</dataTypeSize>
<ownDataTypeParameters>5 BYTE,,</ownDataTypeParameters>
<autoIncrementCycle>false</autoIncrementCycle>
</Column>
<Column name="#_Categories" id="F735CA3F-D368-289E-7FE3-C72834FADB15">
<createdBy>salferdez</createdBy>
<createdTime>2024-12-17 11:42:38 UTC</createdTime>
<generatorID>4D451BA9-E43F-7932-40A0-FC441465BD39</generatorID>
<ownerDesignName>Project</ownerDesignName>
<importedID>C1E9531B-3ADE-3666-416D-D63E07A230D4</importedID>
<nullsAllowed>true</nullsAllowed>
<useDomainConstraints>false</useDomainConstraints>
<use>1</use>
<logicalDatatype>LOGDT011</logicalDatatype>
<ownDataTypeParameters>,,</ownDataTypeParameters>
<autoIncrementCycle>false</autoIncrementCycle>
</Column>
<Column name="#_Relationships" id="2FD79DEE-A1A2-B27C-EDED-98112A453854">
<createdBy>salferdez</createdBy>
<createdTime>2024-12-17 11:42:38 UTC</createdTime>
<generatorID>676D3ECA-6605-EF3D-2A17-4E84C336B1CF</generatorID>
<ownerDesignName>Project</ownerDesignName>
<importedID>7BCCEB2C-9A99-0B66-38C3-1D3AC6A17FE6</importedID>
<nullsAllowed>true</nullsAllowed>
<useDomainConstraints>false</useDomainConstraints>
<use>1</use>
<logicalDatatype>LOGDT011</logicalDatatype>
<ownDataTypeParameters>,,</ownDataTypeParameters>
<autoIncrementCycle>false</autoIncrementCycle>
</Column>
<Column name="Price" id="6565A046-C6B0-DEF0-4A97-474C1B6FAE9D">
<createdBy>salferdez</createdBy>
<createdTime>2024-12-17 11:42:38 UTC</createdTime>
<generatorID>4DC8B7CE-3E64-8014-2510-C7699AF1AF89</generatorID>
<ownerDesignName>Project</ownerDesignName>
<importedID>9F3D5CA3-23A6-77B1-7CD8-8F2D0499035E</importedID>
<nullsAllowed>true</nullsAllowed>
<useDomainConstraints>false</useDomainConstraints>
<use>1</use>
<logicalDatatype>LOGDT020</logicalDatatype>
<ownDataTypeParameters>,,</ownDataTypeParameters>
<autoIncrementCycle>false</autoIncrementCycle>
</Column>
<Column name="Prime_Integration" id="9DE84F52-4F4A-52DA-A434-88E5A5C069B8">
<createdBy>salferdez</createdBy>
<createdTime>2024-12-17 11:42:38 UTC</createdTime>
<generatorID>9A1D5780-BB86-5578-7AAB-405D94FE963A</generatorID>
<ownerDesignName>Project</ownerDesignName>
<importedID>638458B1-BEF0-0CD9-0D1A-27C454980BA4</importedID>
<nullsAllowed>true</nullsAllowed>
<useDomainConstraints>false</useDomainConstraints>
<use>1</use>
<logicalDatatype>LOGDT006</logicalDatatype>
<dataTypeSize>1</dataTypeSize>
<ownDataTypeParameters>1,,</ownDataTypeParameters>
<autoIncrementCycle>false</autoIncrementCycle>
</Column>
<Column name="Account_Type" id="5E1E0CC5-E87D-77C2-895F-2BFA8EE278FD">
<createdBy>salferdez</createdBy>
<createdTime>2024-12-17 11:42:38 UTC</createdTime>
<generatorID>E645207F-8677-7B31-9F70-AF3A2F28F33C</generatorID>
<ownerDesignName>Project</ownerDesignName>
<importedID>5847506B-7D12-43D2-5D2C-BC6936828252</importedID>
<useDomainConstraints>false</useDomainConstraints>
<use>1</use>
<logicalDatatype>LOGDT011</logicalDatatype>
<ownDataTypeParameters>,,</ownDataTypeParameters>
<autoIncrementCycle>false</autoIncrementCycle>
<associations>
<colAssociation fkAssociation="4476502B-E062-2E49-EFCF-76DF64CA5632" referredColumn="59922E3E-CBD2-1EC1-D929-713D81CFFF49"/>
</associations>
</Column>
</columns>
<indexes itemClass="oracle.dbtools.crest.model.design.relational.Index">
<ind_PK_UK id="7ECD3ECE-A27E-D433-FC9A-1D08E0FD06AD" name="Payment_Plan_PK">
<createdBy>salferdez</createdBy>
<createdTime>2024-12-17 11:42:38 UTC</createdTime>
<generatorID>12552A53-1EF1-745A-E761-1B39FB688F79</generatorID>
<ownerDesignName>Project</ownerDesignName>
<importedID>B252279F-1584-078A-E599-01E1009487C2</importedID>
<pk>true</pk>
<indexState>Primary Constraint</indexState>
<isSurrogateKey>false</isSurrogateKey>
<indexColumnUsage>
<colUsage columnID="ACDCDE0F-2A5B-6892-4160-C595B8491408"/>
</indexColumnUsage>
</ind_PK_UK>
<ind_PK_UK id="B0C4DA12-29A9-A79D-3711-1C49DA5272A0" name="Payment_Plan__IDX">
<createdBy>salferdez</createdBy>
<createdTime>2024-12-17 11:42:38 UTC</createdTime>
<ownerDesignName>Project</ownerDesignName>
<importedID>AAE21402-149E-6B94-21DA-A25C088C096C</importedID>
<indexState>Unique Plain Index</indexState>
<isSurrogateKey>false</isSurrogateKey>
<indexColumnUsage>
<colUsage columnID="FDF47154-0D85-292B-CA16-D955C9621E3A"/>
<colUsage columnID="5E1E0CC5-E87D-77C2-895F-2BFA8EE278FD"/>
</indexColumnUsage>
</ind_PK_UK>
<ind_PK_UK id="400D09A2-5415-F6EA-AB96-1D1C24FB6F88" name="Payment_Plan_Account_FK">
<createdBy>salferdez</createdBy>
<createdTime>2024-12-17 12:09:42 UTC</createdTime>
<generatorID>1E556178-2775-6FA6-92A8-921843B5A144</generatorID>
<ownerDesignName>Project</ownerDesignName>
<indexState>Foreign Key</indexState>
<isSurrogateKey>false</isSurrogateKey>
<indexColumnUsage>
<colUsage columnID="FDF47154-0D85-292B-CA16-D955C9621E3A"/>
<colUsage columnID="5E1E0CC5-E87D-77C2-895F-2BFA8EE278FD"/>
</indexColumnUsage>
</ind_PK_UK>
</indexes>
</Table>