<?xml version = '1.0' encoding = 'UTF-8'?>
<Table class="oracle.dbtools.crest.model.design.relational.Table" directorySegmentName="seg_0" id="EB1BF707-DE7B-5F12-A72E-79696F7C2936" name="Product">
<createdBy>salferdez</createdBy>
<createdTime>2024-12-17 11:42:38 UTC</createdTime>
<generatorID>9E515553-019C-E3BE-FC9E-23E5EBF9E28A</generatorID>
<ownerDesignName>Project</ownerDesignName>
<importedID>11731CF4-9035-F591-7824-C9A3311284E0</importedID>
<allowColumnReorder>false</allowColumnReorder>
<existDependencyGenerateInDDl>true</existDependencyGenerateInDDl>
<parsed>true</parsed>
<columns itemClass="oracle.dbtools.crest.model.design.relational.Column">
<Column name="Name" id="5949734B-E339-47C1-779C-0254C73C68DB">
<createdBy>salferdez</createdBy>
<createdTime>2024-12-17 11:42:38 UTC</createdTime>
<generatorID>DCC04FE6-F519-1575-D052-0294296E4429</generatorID>
<ownerDesignName>Project</ownerDesignName>
<importedID>6C4983FD-01C4-D6DC-4DC7-58AB107DC67D</importedID>
<useDomainConstraints>false</useDomainConstraints>
<use>1</use>
<logicalDatatype>LOGDT024</logicalDatatype>
<dataTypeSize>15 BYTE</dataTypeSize>
<ownDataTypeParameters>15 BYTE,,</ownDataTypeParameters>
<autoIncrementCycle>false</autoIncrementCycle>
</Column>
<Column name="Label" id="95464308-D4C9-1AD5-1BE9-5BC3DD0F1993">
<createdBy>salferdez</createdBy>
<createdTime>2024-12-17 11:42:38 UTC</createdTime>
<generatorID>6712A8AF-0537-7FE5-824F-A5D6E42CF939</generatorID>
<ownerDesignName>Project</ownerDesignName>
<importedID>18ED54C7-98BF-D70E-8F59-A4FA52E635C3</importedID>
<nullsAllowed>true</nullsAllowed>
<useDomainConstraints>false</useDomainConstraints>
<use>1</use>
<logicalDatatype>LOGDT024</logicalDatatype>
<dataTypeSize>20 BYTE</dataTypeSize>
<ownDataTypeParameters>20 BYTE,,</ownDataTypeParameters>
<autoIncrementCycle>false</autoIncrementCycle>
</Column>
<Column name="Assets" id="A169E094-C0BB-A2F5-3950-DC8D9465A9E5">
<createdBy>salferdez</createdBy>
<createdTime>2024-12-17 11:42:38 UTC</createdTime>
<generatorID>9E4841B0-47C3-D2BF-D2C8-D40144362433</generatorID>
<ownerDesignName>Project</ownerDesignName>
<importedID>2706325A-4EA5-AB35-E242-B8F48A40E711</importedID>
<nullsAllowed>true</nullsAllowed>
<useDomainConstraints>false</useDomainConstraints>
<use>1</use>
<logicalDatatype>LOGDT029</logicalDatatype>
<ownDataTypeParameters>,,</ownDataTypeParameters>
<autoIncrementCycle>false</autoIncrementCycle>
</Column>
<Column name="Shop" id="1308709D-3188-13C6-68ED-0553EB197831">
<createdBy>salferdez</createdBy>
<createdTime>2024-12-17 11:42:38 UTC</createdTime>
<generatorID>01D10D7A-C6D3-D6D0-FC81-7C235661B1F1</generatorID>
<ownerDesignName>Project</ownerDesignName>
<importedID>16D61BC0-CEC5-C3AB-89DA-69BD32F1E92E</importedID>
<nullsAllowed>true</nullsAllowed>
<useDomainConstraints>false</useDomainConstraints>
<use>1</use>
<logicalDatatype>LOGDT024</logicalDatatype>
<dataTypeSize>10 BYTE</dataTypeSize>
<ownDataTypeParameters>10 BYTE,,</ownDataTypeParameters>
<autoIncrementCycle>false</autoIncrementCycle>
</Column>
<Column name="Account_Name_account" id="CE78BDDE-8C0D-1960-CFB5-EC722F7041F4">
<createdBy>salferdez</createdBy>
<createdTime>2024-12-17 11:42:38 UTC</createdTime>
<generatorID>74FC6CD0-D633-FC80-0126-EA6136F31895</generatorID>
<ownerDesignName>Project</ownerDesignName>
<importedID>2811BDA0-594F-733E-B029-80B4B1E52CFB</importedID>
<nullsAllowed>true</nullsAllowed>
<useDomainConstraints>false</useDomainConstraints>
<use>1</use>
<logicalDatatype>LOGDT024</logicalDatatype>
<dataTypeSize>15 BYTE</dataTypeSize>
<ownDataTypeParameters>,,</ownDataTypeParameters>
<autoIncrementCycle>false</autoIncrementCycle>
<associations>
<colAssociation fkAssociation="9C6AA9A8-6F16-8981-026D-149B24BD84EA" referredColumn="3DC27063-029B-8E7F-2693-124FB5A902ED"/>
</associations>
</Column>
<Column name="Description" id="820B4A05-6612-F1D7-87FC-30BF633BC2A1">
<createdBy>salferdez</createdBy>
<createdTime>2024-12-17 11:42:38 UTC</createdTime>
<generatorID>B909062C-E3A2-E01E-F999-543BDC6CC4D0</generatorID>
<ownerDesignName>Project</ownerDesignName>
<importedID>1EDEB62E-B4AB-35FC-FBCB-20F63C7820AF</importedID>
<nullsAllowed>true</nullsAllowed>
<useDomainConstraints>false</useDomainConstraints>
<use>1</use>
<logicalDatatype>LOGDT024</logicalDatatype>
<dataTypeSize>100 BYTE</dataTypeSize>
<ownDataTypeParameters>100 BYTE,,</ownDataTypeParameters>
<autoIncrementCycle>false</autoIncrementCycle>
</Column>
<Column name="Account_Payment_Plan_Type" id="6FB1FC4F-FAD4-9308-1CFF-1495B8E119C7">
<createdBy>salferdez</createdBy>
<createdTime>2024-12-17 11:42:38 UTC</createdTime>
<generatorID>4C24F3AF-CA03-E8E5-8E1E-39A0C397FD0D</generatorID>
<ownerDesignName>Project</ownerDesignName>
<importedID>CFED75B4-B6D0-675E-0D12-D280371F0400</importedID>
<nullsAllowed>true</nullsAllowed>
<useDomainConstraints>false</useDomainConstraints>
<use>1</use>
<logicalDatatype>LOGDT011</logicalDatatype>
<ownDataTypeParameters>,,</ownDataTypeParameters>
<autoIncrementCycle>false</autoIncrementCycle>
<associations>
<colAssociation fkAssociation="9C6AA9A8-6F16-8981-026D-149B24BD84EA" referredColumn="59922E3E-CBD2-1EC1-D929-713D81CFFF49"/>
</associations>
</Column>
<Column name="SKU" id="D7956330-D9D1-BE1D-81E0-6864C4D1B9E4">
<createdBy>salferdez</createdBy>
<createdTime>2024-12-17 11:42:38 UTC</createdTime>
<generatorID>8813B640-4D06-ABEC-F032-88E833F9861D</generatorID>
<ownerDesignName>Project</ownerDesignName>
<importedID>EE3CAC2D-F465-2CBD-CDDA-835266B54601</importedID>
<useDomainConstraints>false</useDomainConstraints>
<use>1</use>
<logicalDatatype>LOGDT011</logicalDatatype>
<ownDataTypeParameters>,,</ownDataTypeParameters>
<autoIncrementCycle>false</autoIncrementCycle>
</Column>
<Column name="GNI" id="5F515993-0B29-FFEF-4230-FE5716802549">
<createdBy>salferdez</createdBy>
<createdTime>2024-12-17 12:07:41 UTC</createdTime>
<generatorID>65BE7D27-311E-612A-E454-F39D19980869</generatorID>
<ownerDesignName>Project</ownerDesignName>
<nullsAllowed>true</nullsAllowed>
<useDomainConstraints>false</useDomainConstraints>
<use>1</use>
<logicalDatatype>LOGDT011</logicalDatatype>
<ownDataTypeParameters>,,</ownDataTypeParameters>
<autoIncrementCycle>false</autoIncrementCycle>
</Column>
</columns>
<indexes itemClass="oracle.dbtools.crest.model.design.relational.Index">
<ind_PK_UK id="54723920-C6E0-8CD2-FC39-2560AB88D35A" name="Product_PK">
<createdBy>salferdez</createdBy>
<createdTime>2024-12-17 11:42:38 UTC</createdTime>
<generatorID>6449F5A4-1D6C-AF60-AFA0-A2C7AC4D533B</generatorID>
<ownerDesignName>Project</ownerDesignName>
<importedID>6F8F9579-1AF0-9B3E-B33C-C0FECA2459E5</importedID>
<pk>true</pk>
<indexState>Primary Constraint</indexState>
<isSurrogateKey>false</isSurrogateKey>
<indexColumnUsage>
<colUsage columnID="5949734B-E339-47C1-779C-0254C73C68DB"/>
</indexColumnUsage>
</ind_PK_UK>
<ind_PK_UK id="ED5A177A-1FA1-495C-BCE5-5F145594EB1C" name="Product_Account_FK">
<createdBy>salferdez</createdBy>
<createdTime>2024-12-17 11:42:38 UTC</createdTime>
<generatorID>FA733F0F-5403-58FC-420D-A9D202D27AEA</generatorID>
<ownerDesignName>Project</ownerDesignName>
<indexState>Foreign Key</indexState>
<isSurrogateKey>false</isSurrogateKey>
<indexColumnUsage>
<colUsage columnID="CE78BDDE-8C0D-1960-CFB5-EC722F7041F4"/>
<colUsage columnID="6FB1FC4F-FAD4-9308-1CFF-1495B8E119C7"/>
</indexColumnUsage>
</ind_PK_UK>
</indexes>
</Table>