<?xml version = '1.0' encoding = 'UTF-8'?>
<Table class="oracle.dbtools.crest.model.design.relational.Table" directorySegmentName="seg_0" id="F3CB9E37-3B26-3FBC-786E-D6B93F71C732" name="product_product">
<createdBy>salferdez</createdBy>
<createdTime>2024-12-17 11:42:38 UTC</createdTime>
<ownerDesignName>Project</ownerDesignName>
<importedID>A44B36F3-8771-A78C-2ADB-B748A977626E</importedID>
<allowColumnReorder>false</allowColumnReorder>
<existDependencyGenerateInDDl>true</existDependencyGenerateInDDl>
<parsed>true</parsed>
<columns itemClass="oracle.dbtools.crest.model.design.relational.Column">
<Column name="Product_Name" id="2BDB6F76-4ADC-1BF9-3360-799CF322460A">
<createdBy>salferdez</createdBy>
<createdTime>2024-12-17 11:42:38 UTC</createdTime>
<ownerDesignName>Project</ownerDesignName>
<importedID>B962D42F-4954-EB72-DEF0-9B159FF9C614</importedID>
<use>0</use>
<ownDataTypeParameters>,,</ownDataTypeParameters>
<autoIncrementCycle>false</autoIncrementCycle>
<associations>
<colAssociation fkAssociation="D69C1573-3395-A913-B79B-AB0598991570" referredColumn="5949734B-E339-47C1-779C-0254C73C68DB"/>
</associations>
</Column>
<Column name="Product_Name1" id="F715A196-8928-9EEA-EF4A-407814C05A8A">
<createdBy>salferdez</createdBy>
<createdTime>2024-12-17 11:42:38 UTC</createdTime>
<ownerDesignName>Project</ownerDesignName>
<importedID>E0F1BF78-0FFC-985B-A396-DA6FDA7FEE67</importedID>
<use>0</use>
<ownDataTypeParameters>,,</ownDataTypeParameters>
<autoIncrementCycle>false</autoIncrementCycle>
<associations>
<colAssociation fkAssociation="9E50E393-D2CE-BDFD-D20B-7B428EA16E38" referredColumn="5949734B-E339-47C1-779C-0254C73C68DB"/>
</associations>
</Column>
</columns>
<indexes itemClass="oracle.dbtools.crest.model.design.relational.Index">
<ind_PK_UK id="F335532D-CAD2-1E3C-C45D-EF0440BF38D1" name="product_product_PK">
<createdBy>salferdez</createdBy>
<createdTime>2024-12-17 11:42:38 UTC</createdTime>
<ownerDesignName>Project</ownerDesignName>
<importedID>C052004B-0AA8-9A67-54A7-49C2BFBCB13E</importedID>
<pk>true</pk>
<indexState>Primary Constraint</indexState>
<isSurrogateKey>false</isSurrogateKey>
<indexColumnUsage>
<colUsage columnID="2BDB6F76-4ADC-1BF9-3360-799CF322460A"/>
<colUsage columnID="F715A196-8928-9EEA-EF4A-407814C05A8A"/>
</indexColumnUsage>
</ind_PK_UK>
<ind_PK_UK id="F4E8701B-1ECA-00B5-534E-AA1D17AA8846" name="product_product_Product_FKv1">
<createdBy>salferdez</createdBy>
<createdTime>2024-12-17 11:42:38 UTC</createdTime>
<generatorID>0D3789FF-5EB4-2303-DED1-DE966A74990A</generatorID>
<ownerDesignName>Project</ownerDesignName>
<indexState>Foreign Key</indexState>
<isSurrogateKey>false</isSurrogateKey>
<indexColumnUsage>
<colUsage columnID="F715A196-8928-9EEA-EF4A-407814C05A8A"/>
</indexColumnUsage>
</ind_PK_UK>
<ind_PK_UK id="6C9A84AC-466C-AAC8-BCAE-8C86C3D71634" name="product_product_Product_FK">
<createdBy>salferdez</createdBy>
<createdTime>2024-12-17 11:42:38 UTC</createdTime>
<generatorID>0D3789FF-5EB4-2303-DED1-DE966A74990A</generatorID>
<ownerDesignName>Project</ownerDesignName>
<indexState>Foreign Key</indexState>
<isSurrogateKey>false</isSurrogateKey>
<indexColumnUsage>
<colUsage columnID="2BDB6F76-4ADC-1BF9-3360-799CF322460A"/>
</indexColumnUsage>
</ind_PK_UK>
</indexes>
</Table>